"id","host_id","host_since","host_is_superhost","is_location_exact","accommodates","bathrooms","bedrooms","beds","price","security_deposit","cleaning_fee","guests_included","extra_people","minimum_nights","maximum_nights","review_scores_rating","requires_license","instant_bookable","cancellation_policy","require_guest_profile_picture","require_guest_phone_verification","calculated_host_listings_count","reviews_per_month","TV","Cable TV","Internet","Wireless Internet","Air Conditioning","Kitchen","Heating","Family/Kid Friendly","Washer","Dryer","Free Parking on Premises","Buzzer/Wireless Intercom","Smoke Detector","Carbon Monoxide Detector","First Aid Kit","Safety Card","Fire Extinguisher","Essentials","Pets Allowed","Pets live on this property","Dog(s)","Cat(s)","Hot Tub","Indoor Fireplace","Shampoo","Breakfast","24-Hour Check-in","Hangers","Hair Dryer","Iron","Laptop Friendly Workspace","Suitable for Events","Elevator in Building","Lock on Bedroom Door","Wheelchair Accessible","Gym","Pool","Doorman","Other pet(s)","Apartment","House","Cabin","Condominium","Camper/RV","Bungalow","Townhouse","Boat","Loft","Bed & Breakfast","Entire home/apt","Private room","Shared room","Real Bed","Futon","Pull-out Sofa","Couch"
241032,956883,2011-08-11,0,1,4,1,1,1,85,0,0,2,5,1,365,95,0,0,"2",0,0,2,4.07,1,1,1,1,1,1,1,1,1,1,0,0,0,0,0,0,0,0,0,0,0,0,0,0,0,0,0,0,0,0,0,0,0,0,0,0,0,0,0,1,0,0,0,0,0,0,0,0,0,1,0,0,1,0,0,0
953595,5177328,2013-02-21,1,1,4,1,1,1,150,100,40,1,0,2,90,96,0,0,"3",1,1,6,1.48,1,0,1,1,0,1,1,1,1,1,1,1,1,1,1,1,1,1,0,0,0,0,0,0,0,0,0,0,0,0,0,0,0,0,0,0,0,0,0,1,0,0,0,0,0,0,0,0,0,1,0,0,1,0,0,0
3308979,16708587,2014-06-12,0,1,11,4.5,5,7,975,0,300,10,25,4,30,97,0,0,"3",0,0,2,1.15,1,1,1,1,1,1,1,1,1,1,1,0,1,1,0,0,0,1,1,1,0,0,1,1,1,0,0,0,0,0,0,0,0,0,0,0,0,0,0,0,1,0,0,0,0,0,0,0,0,1,0,0,1,0,0,0
7421966,9851441,2013-11-06,0,1,3,1,0,2,100,0,0,1,0,1,1125,97,0,0,"1",0,0,1,0,0,0,1,1,0,1,1,1,1,1,0,0,1,1,0,1,1,1,0,0,0,0,0,1,1,0,0,0,0,0,0,0,0,0,0,0,0,0,0,1,0,0,0,0,0,0,0,0,0,1,0,0,1,0,0,0
278830,1452570,2011-11-29,0,1,6,2,3,3,450,700,125,6,15,1,1125,92,0,0,"3",0,0,1,0.89,1,1,1,1,0,1,1,1,0,0,0,0,1,1,1,0,1,1,0,0,0,0,0,0,1,0,0,0,0,0,0,0,0,0,0,0,0,0,0,0,1,0,0,0,0,0,0,0,0,1,0,0,1,0,0,0
5956968,326758,2010-12-25,0,1,2,1,1,1,120,0,40,1,30,1,6,95,0,0,"3",0,0,1,2.45,0,0,1,1,0,0,1,0,0,0,1,0,1,0,0,0,0,1,0,0,0,0,0,0,1,0,0,0,0,0,0,0,0,0,0,0,0,0,0,0,1,0,0,0,0,0,0,0,0,0,1,0,1,0,0,0
1909058,2497928,2012-05-30,1,1,2,1,1,1,80,150,0,1,10,3,14,99,0,0,"2",0,0,1,2.46,0,0,1,1,0,0,1,0,0,0,1,0,1,0,1,0,0,1,0,0,0,0,0,0,1,0,0,0,0,0,0,0,0,0,0,0,0,0,0,0,1,0,0,0,0,0,0,0,0,0,1,0,1,0,0,0
856550,4016632,2012-10-30,1,1,2,1,1,1,60,150,25,1,0,2,7,97,0,0,"3",1,1,5,4.73,0,0,1,1,0,0,1,1,0,0,0,0,0,0,0,0,0,1,0,1,0,0,0,0,1,0,0,0,0,0,0,0,0,0,0,0,0,0,0,0,0,1,0,0,0,0,0,0,0,0,1,0,1,0,0,0
4948745,2166277,2012-04-18,0,1,2,1,1,1,90,0,0,1,0,3,1125,97,0,0,"3",0,0,1,1.22,1,1,1,1,0,1,1,0,1,1,0,0,1,0,1,0,1,1,0,0,0,0,0,1,1,1,0,0,0,0,0,0,0,0,0,0,0,0,0,1,0,0,0,0,0,0,0,0,0,0,1,0,1,0,0,0
2493658,5177328,2013-02-21,1,1,4,1,1,1,150,100,40,1,0,2,365,97,0,0,"3",1,1,6,1.55,1,0,1,1,0,1,1,1,1,1,1,1,1,1,1,1,1,1,0,0,0,0,0,0,0,0,0,0,0,0,0,0,0,0,0,0,0,0,0,1,0,0,0,0,0,0,0,0,0,1,0,0,1,0,0,0
175576,239585,2010-09-19,1,1,2,1,1,1,95,0,15,2,15,3,7,97,0,0,"2",1,0,1,3.33,1,1,1,1,0,1,1,0,1,1,1,0,1,1,1,1,1,1,0,0,0,0,0,0,1,0,1,1,1,1,1,0,0,0,0,0,0,0,0,0,1,0,0,0,0,0,0,0,0,1,0,0,1,0,0,0
4454295,4606439,2013-01-06,0,1,2,1,1,1,99,500,150,1,0,3,1125,97,0,0,"3",0,0,1,0.98,1,1,1,1,0,1,1,0,0,0,1,0,1,1,0,0,1,1,0,0,0,0,0,1,1,0,0,0,0,0,0,0,0,0,0,0,0,0,0,0,1,0,0,0,0,0,0,0,0,1,0,0,1,0,0,0
3883392,19932967,2014-08-13,1,1,4,1,2,3,245,300,95,1,0,3,14,98,0,0,"2",0,0,1,0.92,1,1,1,1,0,1,1,1,1,1,1,1,1,1,1,0,1,1,0,0,0,0,0,0,1,0,0,0,0,0,0,0,0,0,0,0,0,0,0,1,0,0,0,0,0,0,0,0,0,1,0,0,1,0,0,0
8889257,25899989,2015-01-10,0,1,5,1,2,3,165,400,85,4,20,2,1125,100,0,0,"3",0,0,1,3,1,1,1,1,0,1,1,1,1,1,0,0,1,1,1,1,1,1,0,0,0,0,0,0,1,0,0,0,0,0,0,0,0,0,0,0,0,0,0,0,1,0,0,0,0,0,0,0,0,1,0,0,1,0,0,0
5680462,22372266,2014-10-10,0,1,16,3.5,6,15,461,0,300,8,50,3,29,98,0,1,"3",0,0,1,2.65,1,1,1,1,0,1,1,1,1,1,1,0,1,1,1,1,1,1,0,0,0,0,0,1,1,0,0,0,0,0,0,1,0,0,0,0,0,0,0,0,1,0,0,0,0,0,0,0,0,1,0,0,1,0,0,0
8988178,2983711,2012-07-18,0,0,5,1,2,2,109,0,89,1,0,3,15,80,0,0,"3",0,0,1,0.73,1,1,1,0,0,1,1,1,1,1,1,0,1,1,0,0,1,1,0,0,0,0,0,0,0,0,0,0,0,0,0,0,0,0,0,0,0,0,0,0,1,0,0,0,0,0,0,0,0,1,0,0,1,0,0,0
3245876,9465817,2013-10-16,0,1,2,1,1,1,66,100,35,1,25,1,10,95,0,0,"2",0,0,1,4.55,0,0,1,1,0,0,1,0,1,1,0,0,1,1,1,0,0,1,1,1,0,0,0,0,1,1,0,0,0,0,0,0,0,0,0,0,0,0,0,1,0,0,0,0,0,0,0,0,0,0,1,0,1,0,0,0
4933447,25417834,2014-12-31,1,1,2,1,1,1,99,100,15,1,0,2,14,98,0,1,"2",0,0,1,4.58,0,0,1,1,0,0,1,0,0,0,1,0,1,1,0,0,1,1,0,0,0,0,0,0,1,0,0,0,0,0,0,0,0,0,0,0,0,0,0,0,1,0,0,0,0,0,0,0,0,0,1,0,1,0,0,0
7735464,6170760,2013-04-30,0,1,2,2,1,1,200,0,0,1,0,1,1125,97,0,0,"1",0,0,1,0,1,1,1,1,0,1,1,1,1,1,1,1,1,1,1,0,1,1,0,1,0,0,0,1,1,0,0,0,0,0,0,0,0,0,0,0,0,0,0,1,0,0,0,0,0,0,0,0,0,0,1,0,0,1,0,0
6291829,32713558,2015-05-05,0,1,10,3.5,5,5,700,500,250,1,0,3,30,85,0,0,"1",0,0,1,0.82,1,1,1,1,0,1,1,1,1,1,1,0,1,1,1,0,1,0,1,1,0,0,0,1,1,0,0,0,0,0,0,0,0,0,0,0,0,0,0,0,1,0,0,0,0,0,0,0,0,1,0,0,1,0,0,0
9218403,14100483,2014-04-09,0,0,1,1,1,1,110,0,0,1,0,1,1125,100,0,0,"1",0,0,1,1,0,0,1,1,0,1,1,0,0,0,1,0,1,1,0,0,0,1,1,0,0,0,0,0,1,0,0,0,0,0,0,0,1,0,0,0,0,0,0,0,0,0,1,0,0,0,0,0,0,1,0,0,1,0,0,0
4125779,21401856,2014-09-16,0,1,3,1.5,1,2,99,0,15,1,10,1,1125,84,0,0,"2",0,0,1,0.71,1,1,1,1,0,0,1,1,0,1,1,0,1,0,1,0,0,1,0,1,0,0,0,0,1,0,0,0,0,0,0,0,0,0,0,0,0,0,0,0,1,0,0,0,0,0,0,0,0,0,1,0,1,0,0,0
8942678,46675077,2015-10-16,0,1,8,2,4,4,450,0,0,1,0,4,1125,100,0,0,"1",0,0,1,0.86,1,0,1,1,0,1,1,1,1,1,1,0,1,1,0,1,1,0,0,0,0,0,0,1,0,0,0,0,0,0,0,0,0,0,0,0,0,0,0,0,1,0,0,0,0,0,0,0,0,1,0,0,1,0,0,0
10106055,51860756,2015-12-20,0,1,2,1,1,1,75,0,0,1,0,1,1125,97,0,0,"1",0,0,1,0,0,0,1,1,1,0,1,1,1,1,1,0,1,1,1,1,1,1,1,0,0,0,0,0,1,0,1,1,0,0,1,0,0,1,0,0,0,0,0,0,1,0,0,0,0,0,0,0,0,0,1,0,1,0,0,0
6362362,33147763,2015-05-11,0,1,5,2.5,3,3,600,500,150,1,0,3,1125,100,0,0,"2",0,0,1,0.18,1,1,1,1,0,1,1,0,1,1,1,0,1,1,0,0,0,1,0,0,0,0,0,1,0,0,0,0,0,0,0,0,0,0,0,0,0,0,0,0,1,0,0,0,0,0,0,0,0,1,0,0,1,0,0,0
3544550,16708587,2014-06-12,0,1,8,2.5,3,5,450,500,200,6,50,4,1125,100,0,0,"3",0,0,2,1.3,1,1,1,1,1,1,1,1,1,1,1,0,1,1,0,0,0,1,0,0,0,0,0,1,1,0,0,0,0,0,0,0,0,0,1,0,0,0,0,0,1,0,0,0,0,0,0,0,0,1,0,0,1,0,0,0
9025039,68155,2010-01-06,0,1,5,1,2,3,150,250,35,1,0,1,1125,97,0,0,"1",0,0,1,0,1,1,1,1,0,1,1,1,1,1,1,0,1,0,1,0,0,1,0,0,0,0,0,0,1,0,0,1,0,0,0,0,0,0,0,0,0,0,0,0,1,0,0,0,0,0,0,0,0,1,0,0,1,0,0,0
3200646,4016632,2012-10-30,1,1,2,1,1,1,45,150,25,1,0,2,7,95,0,0,"3",1,1,5,4.38,0,0,1,1,0,0,1,1,0,0,0,0,0,0,0,0,0,1,0,1,0,0,0,0,0,0,0,0,0,0,0,0,0,0,0,0,0,0,0,0,0,0,0,1,0,0,0,0,0,0,1,0,1,0,0,0
8859380,3792761,2012-10-07,0,1,6,2,3,3,300,500,125,1,0,2,1125,100,0,1,"2",0,0,1,2.47,1,1,1,1,0,1,1,1,1,1,1,0,1,0,1,0,1,0,0,0,0,0,0,1,1,0,0,1,1,1,1,0,0,0,0,0,0,0,0,1,0,0,0,0,0,0,0,0,0,1,0,0,1,0,0,0
4520099,6184895,2013-05-01,0,1,3,1,1,2,80,0,65,3,50,2,1125,85,0,0,"3",0,0,1,0.33,1,1,1,1,0,1,1,1,1,1,0,1,1,0,0,0,0,1,0,0,0,0,0,1,1,0,0,0,0,0,0,0,0,0,1,0,0,0,0,1,0,0,0,0,0,0,0,0,0,1,0,0,1,0,0,0
2481869,5177328,2013-02-21,1,1,4,1,1,1,175,0,40,1,0,2,365,96,0,0,"3",1,1,6,1.86,1,0,1,1,0,1,1,1,1,1,1,0,1,1,1,0,1,1,0,0,0,0,0,0,0,0,0,0,0,0,0,0,0,0,0,0,0,0,0,1,0,0,0,0,0,0,0,0,0,1,0,0,1,0,0,0
1110749,5325329,2013-03-04,0,1,6,1.5,3,3,325,500,100,6,60,2,1125,92,0,0,"3",0,0,8,2.18,1,0,1,1,0,1,1,1,1,1,1,0,1,1,1,0,1,0,0,0,0,0,0,0,0,0,0,0,0,0,0,0,0,0,0,0,0,0,0,0,1,0,0,0,0,0,0,0,0,1,0,0,1,0,0,0
5978498,31037494,2015-04-11,0,1,4,3,3,2,175,200,80,1,0,4,120,88,0,0,"1",0,0,1,1.31,1,1,1,1,0,1,1,0,1,1,1,0,1,0,1,0,0,1,0,0,0,0,0,0,1,0,1,1,0,0,1,0,0,0,0,0,0,0,0,0,1,0,0,0,0,0,0,0,0,1,0,0,1,0,0,0
5021081,25906186,2015-01-10,0,1,7,3.5,4,3,222,500,250,7,75,2,1125,75,0,1,"3",0,0,1,0.99,1,1,1,1,0,1,1,1,1,1,1,0,1,1,0,0,0,1,1,0,0,0,0,1,1,0,0,0,0,0,0,0,0,0,0,0,0,0,0,0,1,0,0,0,0,0,0,0,0,1,0,0,1,0,0,0
1686930,8916363,2013-09-18,0,1,4,1,2,2,159,250,99,1,0,1,1125,97,0,0,"3",0,0,1,2.27,1,1,1,1,0,1,1,1,1,1,1,0,1,1,1,0,1,1,1,1,0,0,0,0,1,0,0,0,0,0,0,0,0,0,0,0,0,0,0,1,0,0,0,0,0,0,0,0,0,1,0,0,1,0,0,0
7680289,40335071,2015-08-02,0,1,4,1,1,2,125,0,50,2,25,2,365,95,0,1,"2",0,0,2,4.35,1,1,1,1,1,1,1,1,1,1,1,0,1,1,0,0,1,1,0,0,0,0,0,0,1,0,0,0,0,0,0,0,0,0,0,0,0,0,0,1,0,0,0,0,0,0,0,0,0,1,0,0,1,0,0,0
7207641,6544973,2013-05-23,0,1,8,3,3,3,348,750,150,6,20,3,1125,96,0,0,"3",0,0,1,0.97,1,0,1,1,0,1,1,1,1,1,1,0,1,1,0,0,0,1,0,0,0,0,0,0,1,0,0,0,0,0,0,0,0,0,0,0,0,0,0,0,1,0,0,0,0,0,0,0,0,1,0,0,1,0,0,0
5062445,21072725,2014-09-08,0,1,1,1,1,1,45,0,0,1,0,1,1125,97,0,0,"1",0,0,1,0.9,1,0,1,1,0,1,1,0,1,1,1,0,1,0,1,0,0,1,0,0,0,0,0,0,0,0,0,0,0,0,0,0,0,0,0,0,0,0,0,0,1,0,0,0,0,0,0,0,0,0,1,0,0,1,0,0
8925878,40335071,2015-08-02,0,1,4,1,1,2,150,0,50,2,25,2,365,100,0,1,"2",0,0,2,0.83,1,1,1,1,0,1,1,1,1,1,1,0,0,0,0,0,0,1,0,0,0,0,0,0,1,0,0,0,0,0,0,0,0,0,0,0,0,0,0,1,0,0,0,0,0,0,0,0,0,1,0,0,1,0,0,0
6389657,2052160,2012-04-02,1,1,2,1,0,1,80,0,20,1,0,3,1125,98,0,0,"1",0,0,1,1.98,1,1,1,1,0,1,1,0,1,1,1,0,1,1,1,0,1,1,0,0,0,0,0,0,1,0,1,1,1,1,1,0,0,0,0,0,0,0,0,1,0,0,0,0,0,0,0,0,0,1,0,0,1,0,0,0
4218733,21896205,2014-09-28,0,1,4,1,1,2,110,100,40,2,15,2,1125,90,0,0,"2",0,0,1,4.7,1,1,1,1,0,1,1,1,1,1,1,0,1,0,0,0,0,1,0,0,0,0,0,0,1,0,0,1,1,1,1,0,0,0,0,0,0,0,0,1,0,0,0,0,0,0,0,0,0,1,0,0,1,0,0,0
2715623,8242272,2013-08-18,0,1,3,1,1,2,148,0,100,2,20,3,365,91,0,0,"3",1,1,1,0.46,1,0,1,1,0,1,1,0,0,0,0,0,1,1,0,0,1,1,0,0,0,0,0,1,1,0,0,0,0,0,0,0,0,0,0,0,0,0,0,0,1,0,0,0,0,0,0,0,0,1,0,0,1,0,0,0
1392332,2315558,2012-05-07,0,1,4,1.5,2,2,350,500,100,4,0,2,30,98,0,0,"2",0,0,1,1.38,1,1,1,1,0,1,1,0,1,1,0,0,1,1,1,0,1,1,1,0,0,0,1,1,1,0,0,0,0,0,0,0,0,0,0,0,0,0,0,0,1,0,0,0,0,0,0,0,0,1,0,0,1,0,0,0
7308567,17597607,2014-07-03,1,1,3,1.5,1,2,150,0,50,1,0,2,1125,98,0,0,"2",0,0,1,3.35,1,1,1,1,0,1,1,1,1,1,0,0,1,1,1,1,1,1,0,0,0,0,0,0,1,0,0,0,0,0,0,0,0,0,0,0,0,0,0,1,0,0,0,0,0,0,0,0,0,1,0,0,1,0,0,0
6575380,34392395,2015-05-27,0,1,5,1,1,1,150,0,0,1,0,1,1125,100,0,0,"1",0,0,1,1.99,1,1,1,1,0,0,1,1,1,1,1,0,1,1,0,0,1,1,0,0,0,0,1,0,0,0,0,0,0,0,0,0,0,0,0,0,0,0,0,0,1,0,0,0,0,0,0,0,0,0,1,0,1,0,0,0
6004058,9031463,2013-09-24,0,1,2,1,0,1,100,0,0,1,0,1,1125,92,0,0,"1",0,0,1,2.29,1,0,1,1,0,1,1,0,1,1,1,1,1,0,1,0,1,1,0,0,0,0,0,0,1,0,0,0,0,0,0,0,1,0,0,0,0,0,0,1,0,0,0,0,0,0,0,0,0,1,0,0,0,1,0,0
9550869,12867960,2014-03-06,0,1,10,3,4,4,349,0,200,1,0,1,1125,97,0,0,"3",0,0,1,0,0,0,1,1,0,1,1,0,1,1,1,0,1,1,0,1,1,1,0,0,0,0,0,0,0,0,0,1,0,0,0,0,0,0,0,0,0,0,0,0,0,0,0,0,1,0,0,0,0,1,0,0,1,0,0,0
8515408,3502513,2012-09-07,0,1,2,1,0,1,110,0,50,1,0,2,1125,100,0,0,"2",0,0,1,1.06,0,0,1,1,0,1,1,1,1,1,1,0,1,1,0,0,1,1,0,1,0,0,0,0,0,0,0,0,0,0,0,0,0,0,0,0,0,0,0,0,0,0,0,0,1,0,0,0,0,1,0,0,1,0,0,0
5383192,27606550,2015-02-11,0,1,4,1,1,2,160,100,55,2,25,2,1125,100,0,0,"2",0,0,1,0.16,1,1,1,1,0,1,1,1,1,1,1,0,1,1,1,1,1,1,0,0,0,0,0,0,1,0,0,0,0,0,0,0,0,0,1,0,0,0,0,0,1,0,0,0,0,0,0,0,0,1,0,0,1,0,0,0
1112092,5856339,2013-04-10,0,1,4,1,1,3,130,140,75,2,25,3,1125,95,0,1,"2",0,0,1,0.8,0,0,1,1,0,1,1,0,0,0,1,0,0,0,0,0,0,0,0,0,0,0,0,1,0,0,0,0,0,0,0,0,0,0,0,0,0,0,0,0,1,0,0,0,0,0,0,0,0,1,0,0,1,0,0,0
7772661,40885963,2015-08-08,0,1,2,1,0,1,99,0,50,2,50,1,1125,100,0,0,"2",0,0,1,2,1,1,1,1,0,1,1,0,0,1,1,0,1,1,1,0,1,1,0,0,0,0,0,0,1,0,1,1,1,1,1,0,0,0,0,0,0,0,0,0,1,0,0,0,0,0,0,0,0,1,0,0,1,0,0,0
9254900,27128936,2015-02-02,0,0,2,1,0,1,100,0,40,1,0,1,1125,97,0,0,"1",0,0,1,0,0,0,1,1,0,1,0,0,1,1,0,0,0,0,0,0,0,1,0,0,0,0,0,0,0,0,0,0,0,0,0,0,0,0,0,0,0,0,0,1,0,0,0,0,0,0,0,0,0,1,0,0,1,0,0,0
7714294,3521823,2012-09-10,0,1,3,1,1,1,137,0,20,2,20,2,1125,100,0,1,"2",0,0,2,0.64,1,1,1,1,0,1,1,1,0,0,1,0,1,0,0,0,0,1,0,1,0,0,0,0,1,0,0,0,0,0,0,0,0,0,0,0,0,0,0,1,0,0,0,0,0,0,0,0,0,1,0,0,0,1,0,0
10310373,53050379,2016-01-02,0,1,3,1,1,1,20,0,0,1,0,1,1125,97,0,0,"1",0,0,1,0,0,0,0,0,1,1,1,0,1,1,1,0,1,0,0,0,0,1,1,0,0,0,0,0,1,0,0,1,0,0,0,0,0,1,0,0,0,0,0,1,0,0,0,0,0,0,0,0,0,0,1,0,1,0,0,0
9368342,1039322,2011-08-30,0,1,2,1.5,1,1,150,500,50,2,30,4,1125,97,0,0,"3",0,0,1,0,1,1,1,1,0,1,1,0,1,1,1,0,1,0,0,0,1,1,0,0,0,0,0,1,1,0,0,1,1,1,0,0,0,0,0,0,0,0,0,0,0,0,0,0,0,1,0,0,0,1,0,0,1,0,0,0
6361863,25150356,2014-12-24,0,1,2,1,1,1,145,100,30,2,10,2,1125,94,0,0,"2",0,0,1,5.64,1,0,1,1,0,0,1,1,1,1,1,0,1,1,0,0,0,1,0,0,0,0,0,0,1,0,0,1,1,1,1,0,0,0,0,0,0,0,0,1,0,0,0,0,0,0,0,0,0,1,0,0,1,0,0,0
8105221,15155647,2014-05-06,0,1,2,1,1,1,80,0,0,1,0,1,1125,100,0,0,"1",0,0,1,2.5,1,0,1,1,0,1,1,0,1,1,1,0,1,0,0,0,0,1,0,0,0,0,0,0,1,1,0,0,0,0,0,0,0,0,0,0,0,0,0,0,0,0,0,0,0,1,0,0,0,0,1,0,0,1,0,0
3269390,12171359,2014-02-12,1,1,2,1,0,1,95,200,60,1,0,3,1125,98,0,1,"2",0,0,1,4.12,1,1,1,1,0,1,1,0,1,1,1,0,1,1,0,0,0,1,0,0,0,0,0,0,1,0,1,1,1,1,1,0,0,0,0,0,0,0,0,0,1,0,0,0,0,0,0,0,0,1,0,0,1,0,0,0
4566393,23669617,2014-11-12,0,1,4,2.5,3,3,400,750,120,4,20,2,1125,97,0,0,"2",0,0,1,0,1,1,1,1,0,1,1,0,1,1,1,0,1,1,0,0,0,0,0,0,0,0,0,1,1,0,0,0,0,0,0,0,0,0,0,0,0,0,0,0,1,0,0,0,0,0,0,0,0,1,0,0,1,0,0,0
9282409,560743,2011-05-05,0,1,2,2,1,1,85,0,0,1,0,2,1125,100,0,0,"2",0,0,1,1.3,1,0,1,1,0,1,1,0,1,1,1,0,1,1,0,0,0,1,0,0,0,0,0,0,1,0,0,0,0,0,0,0,0,0,0,0,0,0,0,0,1,0,0,0,0,0,0,0,0,0,1,0,1,0,0,0
8095168,3521823,2012-09-10,0,1,2,1,1,1,70,0,20,1,0,1,1125,100,0,0,"1",0,0,2,0.25,1,1,1,1,0,1,1,0,1,1,1,0,1,0,1,0,1,1,0,1,0,0,0,0,1,1,0,0,0,0,0,0,0,0,0,0,0,0,0,1,0,0,0,0,0,0,0,0,0,0,1,0,0,1,0,0
2746782,4016632,2012-10-30,1,1,2,1,0,1,90,150,25,1,0,2,14,97,0,0,"3",1,1,5,5.24,1,0,1,1,1,0,1,1,0,0,0,0,1,0,0,0,0,1,0,0,0,0,0,0,0,0,0,0,0,0,0,0,0,0,0,0,0,0,0,1,0,0,0,0,0,0,0,0,0,1,0,0,1,0,0,0
6424982,33524725,2015-05-16,0,1,2,1,1,1,80,0,0,2,15,1,6,92,0,0,"1",0,0,1,7.06,1,1,1,1,0,0,1,0,0,0,1,0,1,0,1,0,0,1,0,1,0,0,0,0,1,0,0,0,0,0,0,0,0,0,0,0,0,0,0,0,1,0,0,0,0,0,0,0,0,0,1,0,1,0,0,0
762029,4016632,2012-10-30,1,1,2,1,1,2,60,150,25,2,0,2,7,97,0,0,"3",1,1,5,4.96,0,0,1,1,0,0,1,1,0,0,0,0,0,0,0,0,0,1,0,1,0,0,0,0,1,0,0,0,0,0,0,0,0,0,0,0,0,0,0,0,0,0,0,1,0,0,0,0,0,0,1,0,1,0,0,0
8988281,46954097,2015-10-19,0,1,4,1,2,2,175,250,78,4,50,1,15,97,0,0,"2",0,0,1,0,1,0,1,1,0,1,1,0,0,0,0,0,1,1,0,0,1,1,0,1,0,0,0,0,0,0,0,0,0,0,0,0,0,0,0,0,0,0,0,0,1,0,0,0,0,0,0,0,0,1,0,0,1,0,0,0
3768745,19311504,2014-08-01,1,0,2,1,1,1,120,0,0,1,0,2,28,100,0,0,"1",0,0,1,2.27,1,0,1,1,0,0,1,0,1,1,1,0,1,0,1,0,0,1,0,1,0,0,0,0,1,0,0,0,0,0,0,0,0,0,0,0,0,0,0,0,1,0,0,0,0,0,0,0,0,0,1,0,1,0,0,0
3975434,6307839,2013-05-09,0,1,2,1,1,1,109,0,0,2,50,2,1125,96,0,0,"1",0,0,1,1.04,1,0,1,1,0,1,1,1,1,1,0,0,1,1,1,0,0,1,0,1,0,0,0,0,1,0,0,0,0,0,0,0,0,0,0,0,0,0,0,1,0,0,0,0,0,0,0,0,0,0,1,0,1,0,0,0
5620928,15543526,2014-05-14,0,1,2,1,1,1,115,100,20,1,0,2,1125,92,0,0,"1",0,0,1,1.86,0,0,1,1,0,0,1,1,1,1,0,0,0,0,1,0,1,0,0,1,0,0,0,0,1,0,0,0,0,0,0,0,0,0,1,0,0,0,0,1,0,0,0,0,0,0,0,0,0,0,1,0,1,0,0,0
7381677,38669130,2015-07-16,1,1,2,1,1,1,199,0,80,2,35,2,1125,97,0,0,"3",0,0,1,2.52,1,1,1,1,0,1,1,0,0,0,1,0,1,1,1,0,1,1,0,0,0,0,0,0,1,0,0,0,0,0,0,0,0,0,0,0,0,0,0,1,0,0,0,0,0,0,0,0,0,1,0,0,1,0,0,0
5487934,13546801,2014-03-26,0,1,2,1,1,1,150,95,0,1,0,1,1125,100,0,0,"2",0,0,1,0.26,0,0,1,1,0,1,1,0,1,1,1,1,1,0,1,0,0,1,0,0,0,0,0,1,1,0,0,0,0,0,0,0,1,0,1,0,0,0,0,1,0,0,0,0,0,0,0,0,0,0,1,0,1,0,0,0
9028447,2704826,2012-06-21,0,0,2,1,1,1,100,0,0,1,0,1,1125,97,0,0,"2",0,0,1,1,1,0,1,1,0,1,1,0,0,0,0,0,0,0,0,0,0,1,0,0,0,0,0,0,1,0,0,0,0,0,0,0,0,0,0,0,0,0,0,1,0,0,0,0,0,0,0,0,0,1,0,0,1,0,0,0
757840,3991908,2012-10-27,1,1,6,2.5,3,4,250,500,100,1,0,2,14,98,0,0,"2",1,1,1,2.56,1,1,1,1,0,1,1,0,1,1,1,0,1,1,1,1,1,1,0,0,0,0,0,1,1,0,0,0,0,0,0,0,0,0,0,0,0,0,0,0,1,0,0,0,0,0,0,0,0,1,0,0,1,0,0,0
8848403,46243391,2015-10-10,0,1,2,1,1,1,39,0,0,1,0,1,1125,100,0,0,"1",0,0,2,2,1,1,1,1,0,1,1,0,1,1,0,1,1,1,0,0,0,1,0,0,0,0,0,0,1,0,0,0,0,0,0,0,1,0,0,1,0,0,0,1,0,0,0,0,0,0,0,0,0,0,0,1,0,0,1,0
7430926,32052651,2015-04-27,0,1,4,1,1,1,69,150,55,3,30,2,13,90,0,1,"3",0,0,1,5.92,1,1,1,1,0,1,1,1,1,1,0,0,1,0,1,0,1,1,0,0,0,0,0,0,1,0,0,0,0,0,0,0,1,0,0,1,0,0,0,1,0,0,0,0,0,0,0,0,0,1,0,0,1,0,0,0
7021544,31366898,2015-04-16,0,1,4,1,1,2,145,350,60,4,10,2,1125,91,0,0,"3",0,0,5,3.15,1,1,1,1,0,1,1,1,1,1,1,0,1,1,1,0,1,1,0,0,0,0,0,0,1,0,1,1,1,1,1,0,0,0,0,0,0,0,0,1,0,0,0,0,0,0,0,0,0,1,0,0,1,0,0,0
1323446,7053059,2013-06-22,1,1,5,1,1,4,98,300,10,2,25,1,99,97,0,0,"2",0,0,1,4.59,1,0,1,1,0,1,1,1,1,1,1,0,1,1,1,0,1,1,0,1,0,0,0,0,1,0,0,0,0,0,0,0,0,0,0,0,0,0,0,1,0,0,0,0,0,0,0,0,0,1,0,0,1,0,0,0
3925573,20338511,2014-08-21,0,1,4,1,1,1,130,150,25,1,0,2,1125,100,0,0,"3",0,0,1,0.32,1,0,1,1,0,1,1,1,0,0,1,0,1,1,1,0,0,1,0,0,0,0,0,0,1,0,0,0,0,0,0,0,0,0,1,0,0,0,0,1,0,0,0,0,0,0,0,0,0,1,0,0,1,0,0,0
8723086,45781945,2015-10-05,0,0,4,1,1,2,85,0,0,0,0,1,1125,96,0,0,"2",0,0,1,5,0,0,1,1,0,1,1,1,1,1,1,0,1,1,0,0,1,1,0,0,0,0,0,1,1,1,0,0,0,0,0,1,1,0,1,0,0,0,0,1,0,0,0,0,0,0,0,0,0,1,0,0,1,0,0,0
781474,4122018,2012-11-11,0,1,1,1,1,1,85,0,15,1,0,2,180,90,0,0,"2",1,1,2,0.03,0,0,1,1,0,1,1,0,1,1,1,0,0,0,0,0,0,0,0,1,0,0,0,0,0,0,0,0,0,0,0,0,0,0,0,0,0,0,0,0,0,0,0,0,0,0,1,0,0,1,0,0,1,0,0,0
9812439,31366898,2015-04-16,0,1,4,1,1,2,73,350,60,1,0,2,1125,97,0,0,"3",0,0,5,0,1,0,1,1,0,1,1,1,1,1,1,0,1,1,1,0,1,1,0,0,0,0,0,0,1,0,1,1,1,1,1,0,0,0,0,0,0,0,0,1,0,0,0,0,0,0,0,0,0,1,0,0,1,0,0,0
3401644,106721,2010-04-11,0,1,4,1,1,2,150,150,25,4,50,1,1125,88,0,0,"2",0,0,1,0.31,1,1,1,1,0,1,1,0,1,1,1,0,1,1,0,0,0,1,0,0,0,0,0,0,1,0,0,0,0,0,0,0,0,0,0,0,0,0,0,1,0,0,0,0,0,0,0,0,0,1,0,0,1,0,0,0
10036903,51433714,2015-12-15,0,1,3,1,1,1,85,0,0,1,0,3,1125,97,0,0,"3",0,0,1,0,1,0,1,1,0,1,1,1,0,0,0,1,1,1,1,1,1,1,0,0,0,0,0,0,1,0,0,0,0,0,0,0,1,0,0,0,0,0,0,1,0,0,0,0,0,0,0,0,0,1,0,0,1,0,0,0
5310193,27508753,2015-02-10,0,1,6,2,3,3,190,500,100,1,0,1,1125,93,0,0,"3",0,0,1,0.6,1,1,1,1,0,1,1,1,1,1,1,0,1,1,0,0,1,1,1,1,0,0,0,1,0,0,0,0,0,0,0,0,0,0,0,0,0,0,0,0,1,0,0,0,0,0,0,0,0,1,0,0,1,0,0,0
5308875,11358129,2014-01-16,1,0,2,1,1,1,68,200,50,1,0,2,15,94,0,0,"2",0,0,1,2.88,0,0,1,1,0,1,1,0,0,0,0,0,1,0,0,0,0,1,0,0,0,0,0,0,1,0,0,0,0,0,0,0,0,0,0,0,0,0,0,1,0,0,0,0,0,0,0,0,0,1,0,0,1,0,0,0
5052459,26032511,2015-01-13,1,1,2,1.5,1,1,149,100,60,2,0,2,1125,96,0,0,"2",0,0,1,3.08,1,1,1,1,0,1,1,0,1,1,0,0,1,0,1,0,1,1,0,0,0,0,0,1,1,0,0,0,0,0,0,0,1,0,0,0,0,0,0,1,0,0,0,0,0,0,0,0,0,1,0,0,1,0,0,0
7228499,5325329,2013-03-04,0,1,10,2,2,5,349,0,100,1,0,1,1125,92,0,1,"3",0,0,8,7.18,1,0,1,1,0,1,1,1,1,1,1,0,1,1,1,0,1,1,1,0,0,0,0,0,1,0,0,0,0,0,0,0,0,0,0,0,0,0,0,0,1,0,0,0,0,0,0,0,0,1,0,0,1,0,0,0
7651653,9423731,2013-10-14,0,1,2,1,1,1,105,750,100,1,0,21,1125,100,0,0,"3",0,0,2,0.54,1,1,1,1,0,1,1,0,1,1,1,0,1,1,1,0,0,1,0,0,0,0,0,1,1,0,0,0,0,0,0,0,0,0,0,0,0,0,0,1,0,0,0,0,0,0,0,0,0,1,0,0,1,0,0,0
1494986,316200,2010-12-11,1,1,4,1.5,1,2,145,500,90,2,10,3,1125,100,0,1,"3",0,0,4,0.35,1,1,1,1,0,1,1,1,1,1,1,0,1,1,1,0,0,1,1,1,0,0,1,0,1,0,0,0,0,0,0,0,0,0,0,0,0,0,0,1,0,0,0,0,0,0,0,0,0,1,0,0,1,0,0,0
1783382,9361239,2013-10-11,0,1,2,1,1,1,150,200,40,1,10,2,6,98,0,0,"2",0,0,1,0.61,1,1,1,1,0,1,1,1,1,1,0,0,0,0,0,0,0,0,0,0,0,0,0,1,0,0,0,0,0,0,0,0,1,0,1,0,0,0,0,1,0,0,0,0,0,0,0,0,0,1,0,0,1,0,0,0
7513198,12456569,2014-02-21,0,1,4,2,2,1,275,0,75,3,75,4,1125,100,0,0,"2",0,0,1,0.21,1,1,1,1,0,1,1,0,1,1,0,0,1,1,0,0,1,1,0,0,0,0,0,0,1,0,0,0,0,0,0,0,1,0,0,0,0,0,0,0,0,0,1,0,0,0,0,0,0,1,0,0,1,0,0,0
8308316,3792761,2012-10-07,0,1,4,1,2,3,165,0,75,1,0,2,1125,97,0,1,"2",0,0,1,1.98,1,1,1,1,0,1,1,1,1,1,1,0,1,0,1,0,1,1,0,0,0,0,0,0,0,0,0,0,0,0,0,0,0,0,0,0,0,0,0,1,0,0,0,0,0,0,0,0,0,1,0,0,1,0,0,0
9694921,3787979,2012-10-07,0,1,5,2,3,3,196,300,65,5,25,2,1125,100,0,0,"1",0,0,1,1,1,0,1,1,0,1,1,1,1,1,1,0,1,1,1,0,1,1,1,0,0,0,0,0,1,0,1,0,1,1,1,0,0,0,0,0,0,0,0,0,1,0,0,0,0,0,0,0,0,1,0,0,1,0,0,0
2472850,2840320,2012-07-05,0,1,4,1,1,2,195,100,35,1,0,2,14,82,0,0,"3",0,0,1,1.41,1,1,1,1,1,1,1,0,1,1,0,0,0,0,0,0,0,1,1,0,0,0,0,0,1,0,0,0,0,0,0,0,1,0,1,0,0,0,0,1,0,0,0,0,0,0,0,0,0,1,0,0,1,0,0,0
5487522,13546801,2014-03-26,0,1,4,2,2,2,200,95,0,2,10,2,1125,89,0,0,"2",0,0,1,0.73,0,0,1,1,0,1,1,1,1,1,1,1,1,0,1,0,0,1,0,0,0,0,0,1,1,0,0,0,0,0,0,0,1,0,1,0,0,0,0,1,0,0,0,0,0,0,0,0,0,1,0,0,1,0,0,0
4016650,238431,2010-09-18,1,1,2,1.5,1,1,90,125,30,1,0,2,7,97,0,0,"3",0,0,1,3.48,1,1,1,1,0,1,1,0,1,1,0,0,1,1,1,0,1,1,0,0,0,0,0,1,1,1,0,0,0,0,0,0,0,0,0,0,0,0,0,0,1,0,0,0,0,0,0,0,0,0,1,0,1,0,0,0
10229434,21616710,2014-09-21,0,0,4,1,1,1,100,0,0,1,0,1,1125,97,0,0,"1",0,0,1,0,0,0,0,0,0,0,0,0,0,0,0,0,0,0,0,0,0,0,0,0,0,0,0,0,0,0,0,0,0,0,0,0,0,0,0,0,0,0,0,1,0,0,0,0,0,0,0,0,0,1,0,0,1,0,0,0
3479241,15893988,2014-05-23,0,1,2,1,1,1,125,0,30,1,25,2,1125,92,0,1,"2",0,0,1,0.92,1,1,1,1,0,1,1,1,1,1,1,0,0,0,0,0,0,1,0,1,0,0,0,1,1,0,0,0,0,0,0,0,1,0,0,1,0,0,0,1,0,0,0,0,0,0,0,0,0,0,1,0,1,0,0,0
5848400,430709,2011-03-08,0,0,8,1.5,3,5,250,0,264,1,0,3,1125,90,0,0,"3",1,1,31,0.5,1,1,1,1,0,1,1,1,0,0,1,0,1,1,1,0,0,1,0,0,0,0,0,0,1,0,0,0,0,0,0,0,0,0,0,0,0,0,0,0,1,0,0,0,0,0,0,0,0,1,0,0,1,0,0,0
6077760,21288637,2014-09-13,1,1,2,1.5,1,1,130,100,50,1,0,2,1125,98,0,1,"2",0,0,1,2.92,1,1,1,1,1,1,1,0,0,0,0,1,1,1,1,0,1,1,0,0,0,0,0,1,1,0,0,0,0,0,0,0,0,0,0,0,0,0,0,0,1,0,0,0,0,0,0,0,0,0,1,0,1,0,0,0
4642956,24038354,2014-11-22,0,1,2,1,1,1,209,200,90,2,25,3,1125,100,0,0,"2",0,0,1,0.1,1,1,1,1,0,1,1,0,0,0,0,0,1,1,0,0,0,1,0,0,0,0,0,0,0,0,0,0,0,0,0,0,0,0,0,0,0,0,0,1,0,0,0,0,0,0,0,0,0,1,0,0,1,0,0,0
1167507,6393323,2013-05-14,1,1,4,1,1,2,110,150,50,2,20,2,1125,97,0,0,"3",0,1,1,1.93,1,1,1,1,0,1,1,0,1,1,0,0,1,1,1,1,1,0,0,0,0,0,0,0,0,0,0,0,0,0,0,0,0,0,0,0,0,0,0,1,0,0,0,0,0,0,0,0,0,1,0,0,1,0,0,0
6044106,31366898,2015-04-16,0,1,4,1,1,2,90,350,60,0,0,2,1125,96,0,1,"3",0,0,5,5.91,1,1,1,1,0,1,1,1,1,1,1,0,1,1,1,1,1,1,0,0,0,0,0,0,1,0,1,1,1,1,1,0,1,0,0,1,0,0,0,1,0,0,0,0,0,0,0,0,0,1,0,0,1,0,0,0
1799255,9435135,2013-10-15,0,1,2,1,1,1,90,0,0,1,0,2,1125,97,0,0,"1",0,0,1,2.29,1,1,1,1,0,1,1,0,1,1,1,0,0,0,0,0,0,1,0,1,0,0,0,0,1,0,0,0,0,0,0,0,0,0,0,0,0,0,0,0,1,0,0,0,0,0,0,0,0,0,1,0,1,0,0,0
8941768,3022709,2012-07-22,0,1,2,1,1,1,130,0,0,2,0,1,1125,100,0,0,"1",0,0,2,0.59,1,0,1,1,0,1,1,0,1,1,1,0,0,0,0,0,0,1,1,0,0,0,0,0,0,0,0,1,1,1,1,0,1,0,0,0,0,0,0,1,0,0,0,0,0,0,0,0,0,1,0,0,1,0,0,0
6569950,34363282,2015-05-27,0,1,2,1,1,1,175,0,0,1,0,2,3,100,0,1,"1",0,0,1,0.2,1,0,1,1,0,1,1,0,1,1,0,0,1,0,0,0,0,0,0,0,0,0,0,0,0,0,0,0,0,0,0,0,1,0,0,1,0,0,0,1,0,0,0,0,0,0,0,0,0,1,0,0,1,0,0,0
7733192,24633415,2014-12-08,1,1,8,3.5,3,3,749,0,199,4,45,1,365,100,0,0,"2",0,0,1,2.67,1,1,1,1,1,1,1,1,1,1,1,0,1,1,0,0,0,1,1,0,0,0,0,1,1,0,1,1,1,1,1,1,0,0,0,0,0,0,0,0,1,0,0,0,0,0,0,0,0,1,0,0,1,0,0,0
9215782,23551180,2014-11-10,0,1,4,2,2,2,115,0,35,1,0,1,5,100,0,0,"3",0,0,1,1.71,1,1,1,1,0,1,1,1,1,1,1,0,1,1,1,0,0,1,0,0,0,0,0,0,1,0,1,1,1,1,1,0,0,0,0,0,0,0,0,0,0,0,1,0,0,0,0,0,0,1,0,0,1,0,0,0
5175631,17039361,2014-06-20,1,1,4,1.5,2,2,165,200,55,2,20,2,30,98,0,0,"3",0,0,1,2.57,1,0,1,1,0,1,1,0,1,1,1,0,1,1,1,0,1,1,0,0,0,0,0,1,1,0,0,0,0,0,0,0,0,0,0,0,0,0,0,1,0,0,0,0,0,0,0,0,0,1,0,0,1,0,0,0
6315614,27215994,2015-02-04,0,1,4,1,1,2,109,0,0,1,0,1,1125,97,0,0,"1",0,0,1,0,1,0,1,1,0,0,0,0,0,0,0,0,1,1,0,0,0,0,1,0,0,0,0,0,0,0,0,0,0,0,0,0,0,0,0,0,0,0,0,1,0,0,0,0,0,0,0,0,0,1,0,0,1,0,0,0
9134193,47573170,2015-10-27,0,1,2,1,0,1,80,0,0,1,0,1,1125,100,0,0,"2",0,0,1,1,1,0,1,1,0,1,1,0,1,1,1,1,1,0,0,0,0,1,1,0,0,0,0,0,1,0,0,1,1,1,1,0,1,0,1,1,0,0,0,1,0,0,0,0,0,0,0,0,0,1,0,0,1,0,0,0
2481189,12693172,2014-03-01,1,1,6,2,3,4,285,300,150,1,0,2,365,96,0,0,"3",0,0,1,2.41,1,0,1,1,0,1,1,1,1,1,1,0,1,1,0,0,1,0,0,0,0,0,0,1,1,0,0,0,0,0,0,0,0,0,0,0,0,0,0,0,1,0,0,0,0,0,0,0,0,1,0,0,1,0,0,0
8535897,23822173,2014-11-16,0,1,2,1,1,1,80,0,10,2,20,1,1125,100,0,0,"3",0,0,1,3.82,1,1,1,1,0,0,1,1,0,1,0,0,1,1,1,1,1,1,0,1,0,0,0,0,1,0,0,0,0,0,0,0,0,0,0,0,0,0,0,0,1,0,0,0,0,0,0,0,0,0,1,0,1,0,0,0
9476826,2495385,2012-05-29,0,1,1,1,1,1,75,0,0,1,0,1,1125,97,0,0,"1",0,0,1,0,1,0,1,1,0,0,0,0,1,1,0,0,0,0,0,0,0,1,0,0,0,0,0,0,0,0,0,0,0,0,0,0,0,0,0,0,0,0,0,0,0,0,1,0,0,0,0,0,0,0,1,0,1,0,0,0
3144311,1917040,2012-03-13,0,1,2,1,1,1,68,100,100,2,10,20,44,95,0,0,"2",0,0,1,0.63,1,1,1,1,0,1,1,0,1,1,0,1,1,0,0,0,0,1,1,0,0,0,1,1,1,0,0,0,0,0,0,0,1,0,0,0,0,0,0,1,0,0,0,0,0,0,0,0,0,1,0,0,1,0,0,0
9370007,23792018,2014-11-15,0,1,2,1,1,1,85,150,60,2,15,2,1125,97,0,1,"3",0,0,5,0,1,0,1,1,0,1,1,1,1,1,0,0,1,1,0,0,1,1,0,0,0,0,0,0,1,0,1,1,1,1,1,0,0,0,0,0,0,0,0,1,0,0,0,0,0,0,0,0,0,1,0,0,1,0,0,0
6781308,33944952,2015-05-21,1,1,4,1,1,2,125,300,55,1,0,2,1125,97,0,1,"3",0,0,2,4.68,1,1,1,1,0,1,1,1,1,1,1,1,1,0,0,0,1,1,0,0,0,0,0,0,1,0,0,0,0,0,0,0,1,0,1,1,0,0,0,1,0,0,0,0,0,0,0,0,0,1,0,0,1,0,0,0
160222,767899,2011-07-01,0,1,2,1,1,1,110,800,100,2,50,2,1125,93,0,0,"2",0,0,1,0.98,1,1,1,1,0,1,1,0,1,1,1,0,0,0,0,0,0,1,0,0,0,0,0,0,1,0,0,0,0,0,0,0,0,0,0,0,0,0,0,1,0,0,0,0,0,0,0,0,0,1,0,0,1,0,0,0
4250367,919364,2011-08-04,0,1,7,4,3,3,600,0,175,1,0,3,1125,100,0,0,"1",0,0,1,0.53,1,1,1,1,1,1,1,1,1,1,1,0,1,1,1,1,1,1,1,0,0,0,0,0,1,1,0,0,0,0,0,1,0,0,0,0,0,0,0,0,1,0,0,0,0,0,0,0,0,1,0,0,1,0,0,0
8755479,6097842,2013-04-26,0,1,4,2,2,2,235,0,45,2,15,1,1125,100,0,0,"2",0,0,2,0.71,0,0,1,1,0,1,1,1,1,1,0,0,1,1,0,0,1,1,1,1,0,0,0,0,1,0,0,0,0,0,0,0,0,0,0,0,0,0,0,1,0,0,0,0,0,0,0,0,0,1,0,0,1,0,0,0
8829156,46243391,2015-10-10,0,1,4,1,1,2,75,0,20,3,10,1,1125,100,0,0,"1",0,0,2,2.66,1,1,1,1,0,1,1,1,1,1,0,1,1,1,0,0,0,1,0,0,0,0,0,0,1,0,0,0,0,0,0,0,1,0,0,1,0,0,0,1,0,0,0,0,0,0,0,0,0,1,0,0,1,0,0,0
5126077,6097842,2013-04-26,0,1,2,1,1,1,95,0,25,1,0,1,1125,80,0,0,"2",0,0,2,0.34,0,0,1,1,0,1,1,1,1,1,1,0,1,1,0,0,1,1,1,1,0,0,0,1,1,0,1,1,1,0,1,0,0,0,0,0,0,0,0,1,0,0,0,0,0,0,0,0,0,0,1,0,1,0,0,0
6108796,31366898,2015-04-16,0,1,4,1,1,2,103,350,60,4,10,2,1125,95,0,0,"3",0,0,5,5.81,1,1,1,1,0,1,1,1,1,1,1,0,1,1,1,1,1,1,0,0,0,0,0,0,1,0,1,1,1,1,1,0,1,0,0,1,0,0,0,1,0,0,0,0,0,0,0,0,0,1,0,0,1,0,0,0
2692126,106972,2010-04-11,0,1,2,1,1,1,120,350,60,2,25,3,1125,98,0,0,"3",0,0,1,3.45,1,0,1,1,0,1,1,0,1,1,1,0,1,1,0,0,0,1,0,0,0,0,0,0,1,0,0,0,0,0,0,0,0,0,0,0,0,0,0,1,0,0,0,0,0,0,0,0,0,1,0,0,1,0,0,0
6882211,5468952,2013-03-15,0,1,2,1,1,1,95,200,50,1,0,1,1125,97,0,0,"1",0,0,1,0,1,0,1,1,0,1,1,0,1,1,1,0,1,1,1,0,1,1,0,1,0,0,0,0,0,0,1,1,0,0,0,0,0,0,0,0,0,0,0,0,1,0,0,0,0,0,0,0,0,1,0,0,1,0,0,0
9573675,49560117,2015-11-21,0,1,5,2.5,2,2,143,0,100,0,0,1,1125,97,0,0,"1",0,0,1,0,1,0,1,1,1,1,1,0,1,1,1,1,1,1,0,0,1,1,0,0,0,0,1,1,0,0,0,0,0,1,1,0,0,0,0,0,0,0,0,1,0,0,0,0,0,0,0,0,0,1,0,0,1,0,0,0
3544953,15791829,2014-05-21,1,1,2,1,1,1,99,0,20,2,0,2,7,97,0,0,"1",0,0,1,1.02,1,0,1,1,0,1,1,0,1,1,0,1,0,0,0,0,0,1,0,0,0,0,0,0,1,0,0,0,0,0,0,0,1,0,1,0,0,0,0,1,0,0,0,0,0,0,0,0,0,0,1,0,1,0,0,0
2020505,10385963,2013-12-02,1,1,2,1,1,1,142,0,40,1,0,3,10,99,0,0,"2",0,0,1,2.76,1,1,1,1,0,0,1,0,1,1,1,0,1,1,0,0,1,1,0,0,0,0,0,0,0,1,0,0,0,0,0,0,0,0,0,0,0,0,0,0,1,0,0,0,0,0,0,0,0,1,0,0,1,0,0,0
5580457,17572659,2014-07-02,0,1,2,1,1,2,150,0,25,2,25,2,15,93,0,0,"2",0,0,1,1.7,1,1,1,1,0,1,1,0,1,1,1,1,1,1,0,0,0,1,1,1,0,0,0,1,1,0,1,0,1,1,1,0,1,0,0,1,0,0,0,1,0,0,0,0,0,0,0,0,0,1,0,0,1,0,0,0
1495271,1300775,2011-10-17,0,1,6,2,3,3,295,0,110,1,0,1,1125,95,0,0,"2",0,0,1,0.14,1,0,1,1,0,1,1,0,1,1,0,0,0,0,0,0,0,0,0,0,0,0,0,0,0,0,0,0,0,0,0,0,0,0,0,0,0,0,0,0,1,0,0,0,0,0,0,0,0,1,0,0,1,0,0,0
8455865,44510434,2015-09-18,0,1,6,3.5,4,4,335,500,125,1,0,2,16,100,0,0,"3",0,0,1,1.07,1,1,1,1,0,1,1,1,1,1,1,0,1,1,0,0,1,1,0,0,0,0,0,0,1,0,1,1,1,1,1,1,0,0,0,0,0,0,0,0,1,0,0,0,0,0,0,0,0,1,0,0,1,0,0,0
9679300,49371015,2015-11-18,0,0,2,1,1,1,60,0,0,1,0,1,1125,97,0,0,"1",0,0,1,0,0,0,0,0,0,0,0,0,0,0,0,0,0,0,0,0,0,0,0,0,0,0,0,0,0,0,0,0,0,0,0,0,0,0,0,0,0,0,0,1,0,0,0,0,0,0,0,0,0,0,1,0,1,0,0,0
6065566,31483782,2015-04-18,0,1,6,1.5,3,3,250,500,75,4,0,4,14,100,0,0,"3",0,0,1,0.37,1,0,1,1,0,1,1,1,1,1,0,0,1,1,1,0,1,1,0,0,0,0,0,1,1,0,0,0,0,0,0,0,0,0,0,0,0,0,0,0,1,0,0,0,0,0,0,0,0,1,0,0,1,0,0,0
4645208,24049136,2014-11-22,1,1,8,3,4,5,499,499,200,8,50,2,1125,99,0,0,"3",0,0,1,1.57,1,1,1,1,0,1,1,1,0,0,1,0,1,1,1,0,0,1,1,1,0,0,0,0,1,0,0,0,0,0,0,0,0,0,0,0,0,0,0,0,1,0,0,0,0,0,0,0,0,1,0,0,1,0,0,0
6115807,13566271,2014-03-26,0,0,8,2,3,4,350,300,155,7,50,2,180,96,0,0,"3",0,0,1,1.53,1,1,1,1,0,1,1,1,1,1,1,0,1,1,0,0,1,1,0,0,0,0,0,1,1,0,1,1,1,1,1,0,0,0,0,0,0,0,0,0,1,0,0,0,0,0,0,0,0,1,0,0,1,0,0,0
7091397,7376011,2013-07-09,0,1,3,1,1,2,156,300,25,2,0,3,1125,98,0,0,"2",0,0,1,1.98,1,1,1,1,1,1,1,1,0,0,1,0,1,1,0,0,0,1,0,1,0,0,0,0,0,0,0,0,0,0,0,0,0,0,0,1,0,0,0,0,0,0,0,0,1,0,0,0,0,1,0,0,1,0,0,0
6134153,13566271,2014-03-26,0,1,4,1,2,3,200,100,111,4,50,2,180,91,0,0,"3",0,0,1,1.67,1,1,1,1,0,1,1,1,1,1,1,0,1,1,0,0,1,1,0,0,0,0,0,0,1,0,1,1,1,1,1,0,0,0,0,0,0,0,0,1,0,0,0,0,0,0,0,0,0,1,0,0,1,0,0,0
7763878,19002091,2014-07-27,0,0,4,2,2,2,180,100,30,3,0,2,9,100,0,0,"2",0,0,1,0.24,1,0,1,1,0,1,1,1,1,1,0,0,1,0,0,0,1,0,0,0,0,0,0,0,1,0,0,0,0,0,0,0,1,0,1,0,0,0,0,1,0,0,0,0,0,0,0,0,0,1,0,0,1,0,0,0
8088447,5992456,2013-04-18,0,1,3,1,1,1,103,0,0,1,0,1,1125,100,0,0,"1",0,0,1,0.53,0,0,1,1,0,1,1,0,1,1,0,1,1,1,1,1,1,1,0,0,0,0,0,0,1,0,0,0,0,0,0,0,0,0,0,0,0,0,0,1,0,0,0,0,0,0,0,0,0,1,0,0,1,0,0,0
3418349,17234030,2014-06-25,0,1,2,1,1,1,99,100,0,1,0,1,90,94,0,1,"2",0,0,1,6.39,1,0,1,1,0,1,1,0,1,1,1,0,1,0,0,0,0,1,0,0,0,0,0,0,1,0,0,0,0,0,0,0,0,0,0,0,0,0,0,1,0,0,0,0,0,0,0,0,0,1,0,0,1,0,0,0
9199982,46019955,2015-10-07,0,0,3,1,1,1,94,100,40,1,0,2,1125,87,0,0,"1",0,0,1,4.19,0,0,0,0,0,1,1,1,1,1,0,1,1,1,0,0,0,1,0,0,0,0,1,0,1,0,1,1,0,0,0,0,1,0,0,1,0,0,0,1,0,0,0,0,0,0,0,0,0,1,0,0,1,0,0,0
6400000,13566271,2014-03-26,0,1,4,1,1,1,160,100,72,0,0,1,180,92,0,0,"2",0,0,1,1.46,1,1,1,1,0,1,1,1,1,1,1,0,1,1,0,0,1,1,0,0,0,0,0,0,1,0,1,1,1,1,1,0,0,0,0,0,0,0,0,1,0,0,0,0,0,0,0,0,0,1,0,0,1,0,0,0
6776229,33944952,2015-05-21,1,1,4,1,1,2,129,300,60,1,0,2,1125,96,0,1,"3",0,0,2,4.88,1,1,1,1,0,1,1,1,1,1,1,1,1,0,0,0,1,1,0,0,0,0,0,0,1,0,0,0,0,0,0,0,1,0,1,1,0,0,0,1,0,0,0,0,0,0,0,0,0,1,0,0,1,0,0,0
7627794,39970532,2015-07-29,0,1,4,1,1,2,219,0,90,2,30,2,1125,96,0,0,"2",0,0,1,1.01,1,0,1,1,1,1,1,0,1,1,1,0,1,0,0,0,1,1,0,0,0,0,1,0,1,0,0,1,1,0,1,0,0,0,0,0,0,0,0,0,0,0,0,0,0,0,0,1,0,1,0,0,1,0,0,0
8374102,23792018,2014-11-15,0,1,4,1,1,1,91,150,60,2,20,2,1125,92,0,1,"3",0,0,5,1.42,1,0,1,1,0,1,1,1,1,1,0,0,1,1,1,0,1,1,0,0,0,0,0,0,1,0,1,1,1,1,1,0,0,0,0,0,0,0,0,1,0,0,0,0,0,0,0,0,0,1,0,0,1,0,0,0
6316934,31366898,2015-04-16,0,1,4,1,1,2,75,350,60,4,10,2,1125,95,0,0,"3",0,0,5,6.82,1,1,1,1,0,1,1,1,1,1,1,0,1,1,1,0,1,1,0,0,0,0,0,0,1,0,1,0,1,1,1,0,0,0,0,0,0,0,0,1,0,0,0,0,0,0,0,0,0,1,0,0,1,0,0,0
1820794,9533123,2013-10-20,1,1,2,1,0,1,99,0,0,2,25,2,1125,99,0,0,"2",0,0,1,4.37,1,1,1,1,0,1,1,0,1,1,0,0,1,1,0,0,1,1,1,1,0,0,0,0,1,0,0,0,0,0,0,0,0,0,0,0,0,0,0,1,0,0,0,0,0,0,0,0,0,1,0,0,1,0,0,0
4787415,14282414,2014-04-14,0,1,4,2,3,3,175,400,100,4,30,3,24,97,0,0,"3",0,0,1,0,1,0,1,1,0,1,1,1,1,1,1,0,1,0,0,0,1,0,0,0,0,0,0,0,1,0,0,0,0,0,0,0,0,0,0,0,0,0,0,0,1,0,0,0,0,0,0,0,0,1,0,0,1,0,0,0
1602488,8539521,2013-08-30,0,1,4,1,1,2,95,0,0,2,0,1,31,93,0,0,"2",0,0,1,4.29,1,1,1,1,0,1,1,1,0,0,1,0,1,0,0,0,0,1,0,1,0,0,0,1,0,0,0,0,0,0,0,0,0,0,0,0,0,0,0,0,1,0,0,0,0,0,0,0,0,0,1,0,1,0,0,0
8459215,44528586,2015-09-18,0,1,2,1,1,1,100,100,25,1,0,2,1125,97,0,0,"1",0,0,1,0,1,1,1,1,0,0,1,1,0,0,1,0,1,1,0,0,0,0,0,1,0,0,0,0,0,0,0,0,0,0,0,0,0,0,0,0,0,0,0,0,1,0,0,0,0,0,0,0,0,0,1,0,1,0,0,0
10274175,37483726,2015-07-04,0,0,2,1,1,1,46,0,0,1,0,1,1125,97,0,0,"1",0,0,1,0,0,0,1,1,0,1,0,0,0,0,0,0,0,0,0,0,0,0,0,0,0,0,0,0,0,0,0,0,0,0,0,0,0,0,0,0,0,0,0,1,0,0,0,0,0,0,0,0,0,0,1,0,1,0,0,0
9167786,956883,2011-08-11,0,1,2,1,1,1,50,0,10,1,10,1,1125,80,0,0,"1",0,0,2,0.65,1,1,1,1,1,0,1,0,1,1,0,0,1,0,0,0,0,0,0,0,0,0,0,1,0,0,1,1,1,1,0,0,0,0,0,0,0,0,0,0,1,0,0,0,0,0,0,0,0,0,1,0,1,0,0,0
5686435,5072241,2013-02-13,0,1,6,2.5,3,2,445,0,125,1,0,3,1125,100,0,0,"3",0,0,1,0.88,1,0,1,1,0,1,1,1,1,1,1,0,1,1,0,0,1,1,1,0,0,0,0,1,1,0,0,0,0,0,0,0,0,0,0,0,0,0,0,0,1,0,0,0,0,0,0,0,0,1,0,0,1,0,0,0
7939058,19839856,2014-08-11,0,1,2,1,1,1,75,0,0,1,0,1,1125,97,0,0,"2",0,0,1,1.54,1,0,1,1,0,1,1,1,0,0,1,0,1,1,0,0,0,0,0,0,0,0,0,0,1,0,0,0,0,0,0,0,0,0,0,0,0,0,0,0,1,0,0,0,0,0,0,0,0,0,1,0,1,0,0,0
8392801,5570496,2013-03-22,0,0,4,1,2,2,100,100,50,1,0,2,1125,100,0,0,"2",0,0,1,1.61,1,0,1,1,0,1,1,1,1,1,1,0,1,1,0,0,0,1,1,0,0,0,0,0,1,0,0,0,0,0,0,0,0,0,0,0,0,0,0,0,1,0,0,0,0,0,0,0,0,1,0,0,1,0,0,0
7404370,28648670,2015-03-02,0,1,2,1,1,1,130,500,0,1,10,2,1125,80,0,0,"2",0,0,1,0.37,1,1,1,1,0,1,1,0,0,0,0,0,1,1,0,0,0,1,0,0,0,0,0,0,0,0,0,0,0,0,0,0,0,0,0,0,0,0,0,0,1,0,0,0,0,0,0,0,0,1,0,0,1,0,0,0
3720511,6117728,2013-04-27,0,1,5,3,3,3,235,150,125,3,50,2,1125,96,0,0,"2",0,0,1,0.29,0,0,1,1,1,1,1,0,1,1,0,0,1,0,0,0,1,1,0,0,0,0,1,0,0,0,0,0,0,0,0,0,0,0,0,0,0,0,0,0,1,0,0,0,0,0,0,0,0,1,0,0,1,0,0,0
8193332,9318707,2013-10-09,0,0,4,1,1,1,100,0,25,1,0,1,1125,80,0,0,"1",0,0,1,0.86,1,0,1,1,0,1,1,1,1,1,1,0,1,1,0,0,1,1,0,0,0,0,0,1,1,0,0,0,0,0,0,0,0,0,0,0,0,0,0,1,0,0,0,0,0,0,0,0,0,1,0,0,1,0,0,0
7957904,41969815,2015-08-20,0,1,2,1,1,1,120,0,0,1,0,1,1125,80,0,1,"1",0,0,1,0.44,1,0,1,1,1,1,1,0,1,1,1,0,1,0,0,0,1,1,0,0,0,0,0,0,1,0,0,0,0,0,0,0,0,0,0,0,0,0,0,1,0,0,0,0,0,0,0,0,0,1,0,0,1,0,0,0
4555997,18342756,2014-07-18,0,1,4,1,0,2,80,150,45,1,0,4,1125,100,0,0,"2",0,0,1,2.23,1,0,1,1,0,1,1,1,1,1,1,0,1,1,1,0,1,1,0,1,0,0,0,0,0,0,0,0,0,0,0,0,0,0,0,0,0,0,0,1,0,0,0,0,0,0,0,0,0,1,0,0,1,0,0,0
2267088,9560339,2013-10-21,1,1,5,1,2,3,110,0,40,4,25,2,1125,97,0,1,"2",0,0,1,2.64,1,0,1,1,0,1,1,1,1,1,1,0,1,0,1,0,1,1,1,1,0,0,0,0,1,1,1,0,1,1,1,0,0,0,0,0,0,0,0,1,0,0,0,0,0,0,0,0,0,1,0,0,1,0,0,0
108468,561271,2011-05-05,0,1,9,3,4,5,395,500,250,9,10,3,30,100,0,0,"3",0,0,1,0.04,1,1,1,1,0,1,1,1,1,1,1,0,0,0,0,0,0,0,1,0,0,0,0,1,1,0,0,0,0,0,0,0,0,0,0,0,0,0,0,0,1,0,0,0,0,0,0,0,0,1,0,0,1,0,0,0
6400379,26130164,2015-01-14,0,1,2,1,1,1,88,0,35,1,0,1,1125,94,0,0,"2",0,0,2,3.07,1,1,1,1,0,0,1,0,1,1,1,0,1,1,1,1,1,1,0,1,0,0,0,0,1,0,0,0,0,0,0,0,0,0,0,0,0,0,0,0,1,0,0,0,0,0,0,0,0,0,1,0,1,0,0,0
5948003,24429939,2014-12-03,1,1,2,1,1,1,55,0,20,1,0,3,1125,97,0,0,"1",0,0,1,3.54,1,0,1,1,0,1,1,0,1,1,1,0,1,1,1,0,0,1,0,0,0,0,0,0,1,1,0,1,1,1,1,0,1,0,0,0,1,0,0,0,0,0,1,0,0,0,0,0,0,0,1,0,1,0,0,0
5058086,10194168,2013-11-22,1,1,2,1,0,1,145,200,100,2,60,2,14,97,0,1,"2",0,0,1,2.76,0,0,1,1,1,1,1,0,1,1,1,0,1,0,1,0,1,1,1,1,0,0,0,1,1,0,0,0,0,0,0,0,0,0,0,0,0,0,0,1,0,0,0,0,0,0,0,0,0,1,0,0,1,0,0,0
1209255,1303314,2011-10-17,0,1,6,2,3,3,425,500,150,1,0,2,21,96,0,0,"3",0,0,1,1.24,1,1,1,1,0,1,1,1,1,1,1,0,0,0,0,0,0,1,0,0,0,0,0,0,1,0,0,0,0,0,0,0,0,0,0,0,0,0,0,0,1,0,0,0,0,0,0,0,0,1,0,0,1,0,0,0
1914051,9232171,2013-10-04,0,1,2,1,1,1,114,250,50,2,50,2,1125,95,0,0,"3",0,0,2,2.89,1,1,1,1,0,1,1,1,1,1,1,0,1,0,0,0,0,0,0,0,0,0,0,0,1,0,0,0,0,0,0,0,0,0,0,0,0,0,0,1,0,0,0,0,0,0,0,0,0,1,0,0,1,0,0,0
2923529,14926558,2014-04-30,0,1,3,1,1,1,110,300,50,2,20,2,1125,98,0,0,"1",0,0,1,3.18,1,0,1,1,0,1,1,1,1,1,1,1,1,1,1,0,1,1,0,0,0,0,0,1,1,0,1,1,1,1,1,0,0,0,0,0,0,0,0,1,0,0,0,0,0,0,0,0,0,1,0,0,1,0,0,0
1027860,34943,2009-08-30,0,1,5,2,2,4,300,150,150,1,0,7,30,100,0,0,"3",0,0,1,0.07,1,0,1,1,1,1,1,1,1,1,1,0,0,0,0,0,0,0,0,1,0,0,0,0,0,0,0,0,0,0,0,0,0,0,0,0,0,0,0,0,1,0,0,0,0,0,0,0,0,1,0,0,1,0,0,0
2373176,9232171,2013-10-04,0,1,2,1,1,1,117,250,50,2,50,2,1125,97,0,0,"3",0,0,2,3.17,1,1,1,1,0,1,1,1,1,1,1,0,1,0,0,0,0,0,0,0,0,0,0,0,1,0,0,0,0,0,0,0,0,0,0,0,0,0,0,1,0,0,0,0,0,0,0,0,0,1,0,0,1,0,0,0
6404427,1262470,2011-10-08,1,1,4,1,2,2,275,500,100,4,20,2,30,99,0,0,"2",0,0,1,4.26,1,1,1,1,0,1,1,0,1,1,1,0,1,1,1,0,1,1,0,0,0,0,1,1,1,0,0,0,0,0,0,0,0,0,0,0,0,0,0,0,1,0,0,0,0,0,0,0,0,1,0,0,1,0,0,0
8517602,13870400,2015-09-14,0,1,2,1.5,1,1,85,0,0,2,10,1,1125,98,0,1,"1",0,0,1,7.5,1,0,1,1,0,1,1,1,1,1,1,0,1,1,1,0,1,1,0,0,0,0,0,1,1,0,0,1,1,0,0,0,0,1,0,0,0,0,0,0,1,0,0,0,0,0,0,0,0,0,1,0,1,0,0,0
7035240,685350,2011-06-10,0,1,8,1.5,3,5,300,0,100,1,0,7,1125,97,0,0,"1",0,0,1,0,1,0,1,1,0,1,0,1,1,1,1,0,1,1,0,0,0,1,0,0,0,0,0,0,0,0,0,0,0,0,0,1,0,0,0,0,0,0,0,0,1,0,0,0,0,0,0,0,0,1,0,0,1,0,0,0
4583161,1511749,2011-12-17,0,1,2,1,1,1,53,200,20,1,0,1,30,96,0,0,"2",1,1,1,2.07,1,0,1,1,0,0,1,0,0,0,1,0,1,1,0,0,1,1,0,0,0,0,0,1,1,0,0,0,0,0,0,0,0,0,0,0,0,0,0,0,1,0,0,0,0,0,0,0,0,0,1,0,1,0,0,0
7967844,2425448,2012-05-21,1,1,4,1,2,2,107,0,120,1,0,1,1125,94,0,1,"2",0,0,1,6.1,1,1,1,1,1,1,1,1,0,0,1,0,1,0,1,1,0,1,0,0,0,0,0,1,1,0,0,0,0,0,0,0,0,0,0,0,0,0,0,0,1,0,0,0,0,0,0,0,0,1,0,0,1,0,0,0
6562393,34002693,2015-05-22,1,1,6,2,2,2,348,300,70,1,0,3,1125,100,0,0,"1",0,0,1,0.97,1,1,1,1,0,1,1,1,1,1,1,0,1,0,0,0,1,1,1,0,0,0,1,1,0,0,0,0,0,0,0,1,0,0,0,1,0,0,0,0,1,0,0,0,0,0,0,0,0,1,0,0,1,0,0,0
7807087,1649939,2012-01-25,0,0,4,1,2,3,89,100,60,2,20,1,1125,94,0,0,"3",0,0,1,2.54,1,0,1,1,0,0,1,1,1,1,0,1,1,0,0,0,0,1,0,1,0,0,0,0,1,0,1,1,1,0,1,0,0,0,0,0,0,0,0,0,1,0,0,0,0,0,0,0,0,1,0,0,1,0,0,0
5405643,10952315,2014-01-01,1,1,7,1,3,3,89,450,75,4,15,2,1125,99,0,0,"2",0,0,1,5.98,1,0,1,1,0,1,1,1,1,1,1,0,1,1,1,0,1,1,0,0,0,0,0,1,1,0,0,0,0,0,0,0,0,0,0,0,0,0,0,0,1,0,0,0,0,0,0,0,0,1,0,0,1,0,0,0
7011200,23353091,2014-11-04,1,0,2,1,1,1,89,250,60,1,0,1,1125,98,0,0,"1",0,0,1,1.92,1,0,1,1,0,1,1,0,1,1,1,0,1,0,0,0,1,1,1,1,0,0,0,0,1,0,0,0,0,0,0,0,0,0,0,0,0,0,0,1,0,0,0,0,0,0,0,0,0,1,0,0,1,0,0,0
610989,3029318,2012-07-23,0,1,2,1,1,1,209,0,0,1,0,2,1125,100,0,0,"3",0,0,1,0.04,1,1,1,1,1,0,1,0,0,0,1,0,0,0,0,0,0,0,0,1,0,0,0,1,0,1,0,0,0,0,0,0,0,0,0,0,0,1,0,0,0,0,0,0,0,0,0,0,1,0,1,0,1,0,0,0
7839535,26130164,2015-01-14,0,1,2,1,1,1,76,0,35,1,0,1,1125,95,0,0,"1",0,0,2,1.13,1,1,1,1,0,1,1,0,0,0,1,0,0,0,0,0,0,1,0,0,0,0,0,1,1,0,0,0,0,0,0,0,0,0,0,0,0,0,0,0,1,0,0,0,0,0,0,0,0,0,1,0,1,0,0,0
4814894,24796943,2014-12-13,0,1,4,1,2,2,74,0,50,2,15,3,20,89,0,1,"1",0,0,1,2.34,1,0,1,1,0,1,1,1,1,1,0,0,1,0,0,0,1,1,1,0,0,0,0,1,1,0,0,0,0,0,0,0,0,0,0,0,0,0,0,1,0,0,0,0,0,0,0,0,0,1,0,0,1,0,0,0
186328,895223,2011-07-30,0,1,6,3,3,2,250,100,100,5,100,3,15,97,0,0,"3",0,0,1,0.04,1,1,1,1,0,1,1,0,1,1,1,0,0,0,0,0,0,0,0,1,0,0,0,0,0,0,0,0,0,0,0,0,0,0,0,0,0,0,0,0,1,0,0,0,0,0,0,0,0,1,0,0,1,0,0,0
7492877,39243231,2015-07-22,0,1,4,1,2,2,180,0,55,1,0,1,1125,94,0,0,"1",0,0,1,1.3,0,0,1,1,1,1,1,1,1,1,1,0,1,0,1,0,1,1,0,1,0,0,0,0,1,0,0,0,0,0,0,0,0,0,0,0,0,0,0,0,1,0,0,0,0,0,0,0,0,1,0,0,1,0,0,0
6576228,34397733,2015-05-27,0,1,5,1,2,2,179,0,0,1,0,1,1125,97,0,0,"1",0,0,1,0.88,1,0,1,1,0,1,1,1,1,1,1,0,1,1,1,0,0,1,1,1,0,0,0,0,0,0,0,0,0,0,0,0,0,0,0,0,0,0,0,0,0,0,1,0,0,0,0,0,0,1,0,0,1,0,0,0
241016,956883,2011-08-11,0,1,4,1,2,3,115,0,20,2,5,2,60,95,0,0,"2",0,0,2,0.67,0,0,1,1,1,1,1,0,1,1,0,0,1,0,0,0,0,0,0,0,0,0,0,1,1,0,0,0,0,0,0,0,0,0,0,0,0,0,0,0,1,0,0,0,0,0,0,0,0,1,0,0,1,0,0,0
6968101,15792177,2014-05-21,0,1,5,1,2,2,140,0,0,1,0,2,1125,97,0,0,"2",0,0,1,1.24,1,1,1,1,0,1,1,1,0,0,1,0,1,1,1,0,1,1,0,0,0,0,0,0,1,0,0,0,0,0,0,0,0,0,0,0,0,0,0,1,0,0,0,0,0,0,0,0,0,1,0,0,1,0,0,0
5648564,24091986,2014-11-24,0,1,4,1.5,2,4,150,500,150,4,100,5,125,100,0,0,"3",0,0,1,0.41,0,0,0,0,0,0,0,0,0,0,0,0,0,0,0,0,0,0,0,0,0,0,0,0,0,0,0,0,0,0,0,0,0,0,0,0,0,0,0,1,0,0,0,0,0,0,0,0,0,1,0,0,1,0,0,0
4116645,21265939,2014-09-12,0,1,3,1,1,2,70,0,0,1,0,1,1125,92,0,0,"1",0,0,1,1.36,1,0,1,1,0,1,1,1,1,1,0,1,1,1,0,0,0,1,0,0,0,0,0,0,1,0,0,0,0,0,0,0,1,0,1,0,0,0,0,1,0,0,0,0,0,0,0,0,0,1,0,0,0,1,0,0
2419879,8539521,2013-08-30,0,1,6,2,3,3,300,0,0,1,0,3,1125,83,0,0,"1",0,0,1,0.32,1,1,1,1,0,1,0,0,1,1,0,0,0,0,0,0,0,0,0,0,0,0,0,1,0,0,0,0,0,0,0,0,0,0,0,0,0,0,0,0,1,0,0,0,0,0,0,0,0,1,0,0,1,0,0,0
6425735,12322681,2014-02-17,0,1,1,1,1,1,99,300,40,1,25,1,1125,100,0,0,"2",0,0,1,0.14,1,0,1,1,0,1,1,0,0,0,1,0,0,0,0,0,0,1,0,1,0,0,0,0,0,0,0,0,0,0,0,0,0,0,0,0,0,0,0,1,0,0,0,0,0,0,0,0,0,0,1,0,1,0,0,0
8105351,23583849,2014-11-10,0,1,4,1,2,2,89,0,35,1,0,1,1125,100,0,1,"3",0,0,1,2.86,0,0,0,0,0,1,1,0,1,1,0,0,1,1,1,1,1,1,0,0,0,0,0,0,1,0,0,0,1,1,0,0,0,0,0,0,0,0,0,0,1,0,0,0,0,0,0,0,0,1,0,0,1,0,0,0
9136499,3761409,2012-10-04,0,1,1,1,1,1,100,0,0,1,0,1,1125,97,0,0,"1",0,0,1,0,1,0,1,1,0,1,1,0,1,1,1,0,1,1,0,0,0,1,0,0,0,0,0,0,1,0,0,1,0,1,0,0,0,1,0,0,0,0,0,0,0,0,0,0,0,1,0,0,0,0,1,0,1,0,0,0
3639023,18362115,2014-07-19,0,1,2,1.5,1,1,84,200,50,1,0,2,1125,93,0,0,"2",0,0,1,1.18,1,1,1,1,0,1,1,0,1,1,0,0,1,1,0,0,0,1,0,0,0,0,0,1,1,0,0,0,0,0,0,0,0,0,0,0,0,0,0,0,0,0,0,0,0,1,0,0,0,0,1,0,1,0,0,0
6724599,18394291,2014-07-19,0,1,3,1,1,1,97,250,25,2,10,4,16,98,0,0,"2",0,0,1,1.93,1,0,1,1,0,1,1,0,1,1,0,0,1,1,0,0,1,1,0,0,0,0,0,0,1,0,0,0,0,0,0,0,0,0,0,0,0,0,0,1,0,0,0,0,0,0,0,0,0,1,0,0,1,0,0,0
4211629,5707983,2013-03-31,1,1,4,1,2,2,116,150,80,1,0,3,1125,100,0,0,"2",0,0,1,0.51,1,1,1,1,0,1,1,1,1,1,1,0,1,1,0,0,1,0,0,0,0,0,0,1,0,0,0,0,0,0,0,0,0,0,0,0,0,0,0,1,0,0,0,0,0,0,0,0,0,1,0,0,1,0,0,0
7151924,361961,2011-01-25,1,1,2,1,1,1,150,300,75,1,0,2,14,96,0,0,"2",0,0,1,1.84,1,1,1,1,0,1,1,0,1,1,1,0,1,1,1,1,1,1,0,1,0,0,0,0,1,0,0,0,0,0,0,0,0,0,0,0,0,0,0,0,1,0,0,0,0,0,0,0,0,1,0,0,1,0,0,0
704764,3620313,2012-09-19,1,1,4,1,2,2,110,200,50,1,25,1,15,97,0,0,"2",0,0,1,3.02,0,0,1,1,0,1,1,0,0,1,0,0,1,1,1,0,0,1,0,0,0,0,0,0,1,1,1,1,1,1,1,0,0,0,0,0,0,0,0,1,0,0,0,0,0,0,0,0,0,1,0,0,1,0,0,0
1796217,74305,2010-01-27,0,1,8,2.5,3,4,265,0,169,1,0,3,365,95,0,0,"3",1,1,6,0.6,1,1,1,1,0,1,1,1,1,1,1,0,1,1,0,1,1,1,0,0,0,0,0,1,1,0,1,1,1,1,1,0,0,0,0,0,0,0,0,0,1,0,0,0,0,0,0,0,0,1,0,0,1,0,0,0
4661812,5038407,2013-02-10,0,1,6,1,2,2,115,100,80,2,15,3,1125,88,0,0,"3",0,0,1,1.39,1,1,1,1,0,1,1,0,1,1,1,0,0,0,0,0,0,1,0,0,0,0,0,0,0,0,0,0,0,0,0,0,0,0,0,0,0,0,0,1,0,0,0,0,0,0,0,0,0,1,0,0,1,0,0,0
8811945,43606065,2015-09-07,0,1,4,1,2,2,100,100,50,4,25,6,28,97,0,0,"2",0,0,1,0,1,0,1,1,1,1,1,1,1,1,1,0,1,1,1,1,1,1,0,1,0,0,0,1,1,0,0,0,0,0,0,0,0,0,0,0,0,0,0,0,1,0,0,0,0,0,0,0,0,1,0,0,1,0,0,0
4180905,6218633,2013-05-04,1,1,3,1,1,1,125,200,35,2,20,2,10,97,0,0,"3",0,0,2,1.88,1,0,1,1,0,1,0,0,0,0,0,0,0,0,0,0,0,0,0,0,0,0,0,0,0,0,0,0,0,0,0,0,1,0,0,1,0,0,0,1,0,0,0,0,0,0,0,0,0,1,0,0,1,0,0,0
6603061,16969199,2014-06-18,0,1,4,1,1,1,65,0,35,2,75,1,1125,92,0,0,"3",0,0,1,4.94,1,0,1,1,0,1,1,0,1,1,1,0,1,1,0,0,0,1,0,1,0,0,0,0,1,0,0,0,0,0,0,0,0,0,0,0,0,0,0,1,0,0,0,0,0,0,0,0,0,0,1,0,1,0,0,0
8606766,36057637,2015-06-17,0,1,2,1,1,1,110,150,45,2,0,2,1125,97,0,0,"3",0,0,4,0,1,0,1,1,0,1,1,0,1,1,1,0,1,1,1,0,1,1,0,0,0,0,0,0,1,0,1,1,1,0,0,0,0,0,0,0,0,0,0,0,0,0,0,0,0,1,0,0,0,0,1,0,1,0,0,0
5163047,8786233,2013-09-12,0,1,2,1,1,1,75,0,15,1,10,2,1125,92,0,0,"2",0,0,2,0.67,1,1,1,1,1,1,1,0,1,1,0,0,1,1,1,0,1,1,0,0,0,0,0,1,1,0,0,0,0,0,0,0,1,0,1,0,0,0,0,1,0,0,0,0,0,0,0,0,0,0,1,0,1,0,0,0
8578023,14549389,2014-04-21,0,1,2,1,1,1,100,0,0,1,0,1,7,93,0,0,"2",0,0,1,3.18,1,0,1,1,0,1,1,1,1,1,0,0,1,1,1,1,1,1,0,0,0,0,0,1,1,1,0,0,0,0,0,0,1,0,0,0,0,0,0,0,0,0,1,0,0,0,0,0,0,1,0,0,1,0,0,0
9939038,15454102,2014-05-13,0,1,4,1,1,2,99,150,50,2,10,10,1125,97,0,0,"3",0,0,5,0,1,1,1,1,1,1,1,0,1,1,0,1,0,0,0,0,0,1,0,0,0,0,0,0,1,0,0,0,0,0,0,1,1,0,0,1,0,0,0,0,0,0,1,0,0,0,0,0,0,1,0,0,1,0,0,0
9061048,47266156,2015-10-23,0,1,2,1,0,1,103,0,0,1,0,1,7,80,0,0,"1",0,0,1,0.53,1,0,1,1,0,1,1,0,0,0,0,0,1,1,0,0,1,1,0,0,0,0,0,0,1,0,0,0,0,1,1,0,0,0,0,0,0,0,0,1,0,0,0,0,0,0,0,0,0,1,0,0,1,0,0,0
7603457,37355259,2015-07-02,0,1,4,1,1,1,105,0,0,1,0,1,1125,98,0,0,"2",0,0,1,2.11,1,1,1,1,1,1,1,1,1,1,1,0,1,0,1,0,0,1,0,0,0,0,0,0,0,0,0,0,0,0,0,0,1,0,0,0,0,0,0,1,0,0,0,0,0,0,0,0,0,1,0,0,1,0,0,0
5639238,29224641,2015-03-12,0,1,2,1,1,1,110,0,0,1,0,2,1125,40,0,0,"1",0,0,1,0.23,1,1,1,1,0,1,1,1,1,1,0,1,1,0,0,0,0,1,0,0,0,0,0,0,0,0,0,0,0,0,0,0,1,0,0,1,0,0,0,1,0,0,0,0,0,0,0,0,0,1,0,0,1,0,0,0
5362889,27322459,2015-02-06,1,1,4,2,2,2,175,0,35,3,0,2,1125,96,0,1,"2",0,0,1,5.59,1,1,1,1,0,1,1,1,1,1,0,1,1,1,0,0,1,1,0,0,0,0,0,1,1,0,0,0,0,0,0,0,1,0,0,0,0,0,0,1,0,0,0,0,0,0,0,0,0,1,0,0,1,0,0,0
7203408,34068092,2015-05-23,1,1,4,1,1,1,120,100,0,2,25,1,7,96,0,0,"2",0,0,1,2.66,1,0,1,1,0,1,1,0,0,0,0,0,1,0,0,0,0,1,0,0,0,0,0,0,1,0,0,0,0,0,0,0,0,0,0,0,0,0,0,1,0,0,0,0,0,0,0,0,0,1,0,0,1,0,0,0
7885859,12737162,2014-03-02,0,1,4,2,2,2,275,100,0,1,0,1,1125,97,0,0,"1",0,0,1,0,1,0,1,1,0,1,1,1,1,1,0,0,1,1,0,0,0,1,0,0,0,0,0,0,1,0,0,0,0,0,0,0,1,0,1,0,0,0,0,1,0,0,0,0,0,0,0,0,0,1,0,0,1,0,0,0
10141859,2934286,2012-07-14,0,1,1,1,1,1,65,0,0,1,0,1,1125,97,0,0,"1",0,0,1,0,0,0,1,1,1,0,1,0,1,1,0,0,1,1,0,0,0,1,0,0,0,0,0,1,1,0,0,0,0,0,1,0,0,0,0,1,0,0,0,1,0,0,0,0,0,0,0,0,0,1,0,0,1,0,0,0
7762347,40817652,2015-08-07,0,1,2,1,0,1,100,0,0,1,0,1,1125,97,0,0,"1",0,0,1,0,0,0,0,0,0,1,1,0,1,1,1,0,1,1,1,1,1,1,0,0,0,0,0,0,1,0,0,0,0,0,0,0,1,0,0,0,0,0,0,1,0,0,0,0,0,0,0,0,0,1,0,0,1,0,0,0
544433,2612779,2012-06-12,1,1,2,1,1,1,95,300,45,2,20,2,365,97,0,1,"2",0,0,3,5.1,1,0,1,1,0,1,1,1,1,1,0,0,1,1,1,0,1,1,0,0,0,0,0,0,0,0,0,0,0,0,0,0,0,0,0,0,0,0,0,1,0,0,0,0,0,0,0,0,0,1,0,0,1,0,0,0
9410128,48792894,2015-11-11,0,1,2,1,0,1,100,0,0,1,0,1,1125,97,0,0,"1",0,0,1,0,1,0,1,1,1,1,1,1,1,1,0,0,1,1,0,0,0,1,1,0,0,0,0,0,1,0,0,1,1,1,1,0,0,0,0,1,0,0,0,1,0,0,0,0,0,0,0,0,0,1,0,0,1,0,0,0
6276224,21979289,2014-09-30,0,1,2,1,1,1,135,250,60,2,25,1,1125,100,0,0,"3",0,0,1,0.76,1,0,1,1,1,1,1,0,1,1,0,0,1,0,0,0,0,1,0,0,0,0,0,0,0,0,0,0,0,0,0,0,0,0,0,0,0,0,0,1,0,0,0,0,0,0,0,0,0,1,0,0,1,0,0,0
5252515,5463707,2013-03-14,0,1,5,2,2,2,200,0,30,1,0,2,1125,94,0,0,"2",0,0,1,0.91,1,1,1,1,1,1,1,1,1,1,1,0,1,1,1,1,0,1,1,0,0,0,0,0,1,0,0,0,0,0,0,0,1,0,1,0,0,0,0,1,0,0,0,0,0,0,0,0,0,1,0,0,1,0,0,0
1622794,804996,2011-07-11,1,1,2,1,1,2,145,0,25,2,15,2,60,98,0,0,"2",0,1,3,3.69,1,0,1,1,1,1,1,1,0,0,0,0,1,0,0,0,0,1,0,1,0,0,0,0,1,0,0,0,0,0,0,0,0,0,0,0,0,0,0,0,0,0,0,1,0,0,0,0,0,1,0,0,1,0,0,0
9171373,19289685,2014-08-01,0,1,4,1,1,2,145,0,0,1,0,1,1125,97,0,0,"1",0,0,1,0,1,0,1,1,0,1,1,1,0,1,0,0,1,1,0,1,0,1,0,0,0,0,0,0,1,0,0,0,1,0,0,0,0,0,0,0,0,0,0,1,0,0,0,0,0,0,0,0,0,1,0,0,1,0,0,0
8423118,44360796,2015-09-16,0,1,2,1,1,1,96,200,17,0,0,2,1125,100,0,0,"1",0,0,1,1.3,1,0,1,1,0,1,1,1,1,1,0,0,1,1,0,0,1,1,0,1,0,0,0,0,0,0,0,0,0,0,0,0,1,0,1,1,0,0,0,1,0,0,0,0,0,0,0,0,0,1,0,0,1,0,0,0
6248083,16255476,2014-06-01,1,1,5,2.5,2,2,498,750,200,4,71,2,28,98,0,0,"3",0,0,1,2.08,1,0,1,1,1,1,1,1,0,0,1,0,1,1,0,0,1,1,0,0,0,0,0,1,0,0,0,1,0,1,1,0,0,0,0,0,0,0,0,0,0,0,0,0,0,1,0,0,0,1,0,0,1,0,0,0
7932696,14595660,2014-04-22,0,1,3,1,1,1,110,0,0,1,0,2,1125,94,0,0,"2",0,0,1,3.75,0,0,1,1,0,1,1,0,1,1,0,0,1,0,1,0,1,1,0,0,0,0,0,0,1,0,1,0,1,1,1,0,0,0,0,0,0,0,0,1,0,0,0,0,0,0,0,0,0,1,0,0,1,0,0,0
3215404,16285348,2014-06-02,0,1,2,1,1,1,119,0,20,2,0,1,1125,91,0,0,"1",0,0,1,1.21,1,0,1,1,1,1,1,0,1,1,1,0,0,0,0,0,0,1,0,0,0,0,0,0,0,0,0,0,0,0,0,0,0,0,0,0,0,0,0,1,0,0,0,0,0,0,0,0,0,1,0,0,1,0,0,0
9522082,11039803,2014-01-05,0,1,4,1,1,2,119,500,95,2,20,1,1125,100,0,1,"1",0,0,1,1,1,1,1,1,0,1,1,1,1,1,1,0,1,1,0,0,1,1,0,0,0,0,0,0,1,0,1,1,1,1,1,0,0,0,0,0,0,0,0,0,1,0,0,0,0,0,0,0,0,1,0,0,1,0,0,0
3040278,14860162,2014-04-28,0,1,4,1,2,2,217,0,35,4,15,2,20,97,0,0,"2",0,0,2,7.96,1,0,1,1,0,1,1,1,1,1,1,1,1,1,1,0,0,1,1,0,0,0,0,1,1,0,0,0,0,0,0,0,1,0,0,0,0,0,0,1,0,0,0,0,0,0,0,0,0,1,0,0,1,0,0,0
9939740,15454102,2014-05-13,0,1,4,1,0,2,99,150,50,2,10,14,1125,97,0,0,"3",0,0,5,0,1,1,1,1,1,1,1,0,1,1,0,1,0,0,0,0,0,1,0,0,0,0,0,0,1,0,1,1,1,1,1,0,1,0,0,1,0,0,0,0,0,0,1,0,0,0,0,0,0,1,0,0,1,0,0,0
1071843,2612779,2012-06-12,1,1,4,1,1,2,95,300,45,2,25,2,365,96,0,1,"2",0,0,3,4.15,1,0,1,1,0,1,1,1,1,1,0,0,1,1,1,0,1,1,0,0,0,0,0,0,1,0,0,0,0,0,0,0,0,0,0,0,0,0,0,1,0,0,0,0,0,0,0,0,0,1,0,0,1,0,0,0
4973204,25636571,2015-01-05,1,1,5,1,2,2,165,200,75,4,0,2,28,99,0,0,"2",0,0,1,2.69,1,0,1,1,0,1,1,1,1,1,1,0,1,1,1,1,1,1,0,1,0,0,0,1,1,0,0,0,0,0,0,0,0,0,0,0,0,0,0,0,1,0,0,0,0,0,0,0,0,1,0,0,1,0,0,0
6584984,10534771,2013-12-09,1,1,2,1,0,1,85,500,95,1,0,2,1125,97,0,0,"2",0,0,1,0,1,1,1,1,0,1,1,0,1,1,1,0,1,1,0,0,1,1,0,0,0,0,0,0,1,0,0,0,0,0,0,0,1,0,0,0,0,0,0,1,0,0,0,0,0,0,0,0,0,1,0,0,1,0,0,0
9118240,21819122,2014-09-26,0,1,2,1,1,1,200,0,0,1,0,1,1125,100,0,0,"2",0,0,1,1,1,1,1,1,0,1,1,0,1,1,0,1,1,0,1,0,1,1,0,0,0,0,0,0,1,0,0,0,0,0,0,0,1,0,0,1,0,0,0,1,0,0,0,0,0,0,0,0,0,1,0,0,1,0,0,0
6971260,36552763,2015-06-23,0,0,2,1,0,1,120,100,140,1,25,2,15,88,0,0,"3",0,0,1,2.03,1,0,1,1,0,0,1,0,0,0,0,0,1,0,0,0,0,0,0,1,0,0,0,0,0,0,0,0,0,0,0,0,1,0,1,0,0,0,0,1,0,0,0,0,0,0,0,0,0,1,0,0,1,0,0,0
3738724,1311683,2011-10-19,0,1,2,1,1,1,240,500,75,1,0,1,1125,97,0,0,"1",0,0,1,0,1,0,1,1,0,1,1,1,1,1,0,0,1,1,0,0,1,0,0,0,0,0,0,0,0,0,0,0,0,0,0,0,1,0,0,0,0,0,0,1,0,0,0,0,0,0,0,0,0,1,0,0,1,0,0,0
945833,5124845,2013-02-17,0,1,5,2,3,3,275,0,0,1,0,5,29,100,0,0,"3",0,1,1,0.1,1,0,1,1,1,1,1,1,1,1,1,0,1,1,1,0,0,1,0,1,0,0,0,1,1,0,0,0,0,0,0,0,0,0,0,0,0,0,0,0,1,0,0,0,0,0,0,0,0,1,0,0,1,0,0,0
5261239,27233816,2015-02-04,0,1,2,1,0,1,103,0,0,2,20,1,1125,81,0,0,"3",0,0,2,4.83,1,0,1,1,1,1,1,0,0,0,0,0,1,1,0,0,0,1,0,0,0,0,0,0,1,0,0,0,0,0,0,0,0,0,0,0,0,0,0,1,0,0,0,0,0,0,0,0,0,1,0,0,1,0,0,0
4596493,5222362,2013-02-25,0,0,4,2,2,2,165,0,25,1,0,3,8,97,0,0,"3",0,0,1,0,1,1,1,1,0,1,1,1,1,1,0,1,1,0,0,0,0,1,0,0,0,0,0,0,1,0,0,0,0,0,0,0,1,0,0,1,0,0,0,1,0,0,0,0,0,0,0,0,0,1,0,0,1,0,0,0
4310055,22372103,2014-10-10,0,1,2,1,1,1,120,150,50,1,50,2,7,97,0,0,"1",0,0,1,0,1,1,1,1,0,1,1,0,1,1,0,1,1,1,0,0,0,1,0,1,0,0,0,0,0,0,0,0,0,0,0,0,1,0,1,0,0,0,0,1,0,0,0,0,0,0,0,0,0,1,0,0,1,0,0,0
3720429,19000707,2014-07-27,0,1,2,1,1,1,200,150,15,1,0,2,1125,91,0,0,"2",0,0,1,0.43,1,1,1,1,0,1,1,0,1,1,1,1,1,1,0,1,1,1,0,0,0,0,0,1,1,0,0,0,0,0,0,0,1,0,0,0,0,0,0,1,0,0,0,0,0,0,0,0,0,1,0,0,1,0,0,0
6956301,36383359,2015-06-21,0,1,2,1,1,1,120,0,0,1,0,1,1125,100,0,0,"1",0,0,1,0.82,1,1,1,1,0,1,1,0,0,0,0,0,1,1,0,0,0,1,0,0,0,0,0,0,1,0,0,0,0,0,0,0,0,0,0,0,0,0,0,1,0,0,0,0,0,0,0,0,0,1,0,0,1,0,0,0
6750430,24940969,2014-12-17,0,1,3,1,1,2,200,0,50,2,0,2,7,96,0,0,"2",0,0,1,2.05,1,0,1,1,0,1,1,0,1,1,0,0,1,0,0,0,1,1,0,0,0,0,0,0,1,0,0,0,0,0,0,0,0,0,0,0,0,0,0,1,0,0,0,0,0,0,0,0,0,1,0,0,1,0,0,0
8373664,23792018,2014-11-15,0,1,4,1,1,1,115,150,60,2,20,2,1125,100,0,1,"1",0,0,5,1.13,1,1,1,1,0,1,1,1,1,1,0,0,1,1,1,0,1,1,0,0,0,0,0,0,1,0,1,1,1,1,1,0,0,0,0,0,0,0,0,1,0,0,0,0,0,0,0,0,0,1,0,0,1,0,0,0
6783394,1623580,2012-01-18,0,1,3,1.5,1,1,125,400,50,2,40,1,1125,91,0,0,"3",1,1,12,8.18,1,0,1,1,1,1,1,1,1,1,0,1,1,1,0,0,0,1,0,0,0,0,0,0,1,0,1,1,1,1,1,0,1,0,1,1,0,1,0,1,0,0,0,0,0,0,0,0,0,1,0,0,1,0,0,0
9332620,20693394,2014-08-29,0,0,2,1,1,1,75,0,50,1,0,2,1125,97,0,0,"1",0,0,1,0,1,0,1,1,0,1,1,0,1,1,0,0,0,0,0,0,0,0,0,0,0,0,0,0,0,0,0,0,0,0,0,0,1,0,0,1,0,0,0,1,0,0,0,0,0,0,0,0,0,1,0,0,1,0,0,0
6727846,21897232,2014-09-28,0,1,2,1,0,1,115,250,30,1,30,2,1125,100,0,0,"1",0,0,1,1.07,1,0,1,1,0,1,1,1,1,1,0,0,1,1,0,0,0,1,0,0,0,0,0,0,0,0,0,0,0,0,0,0,1,0,0,1,0,0,0,1,0,0,0,0,0,0,0,0,0,1,0,0,1,0,0,0
1321090,2612779,2012-06-12,1,1,4,1,1,2,95,200,45,2,25,2,365,96,0,1,"2",0,0,3,6.12,1,0,1,1,0,1,1,0,1,1,0,0,1,1,1,0,1,1,0,0,0,0,0,0,1,0,0,0,0,0,0,0,0,0,0,0,0,0,0,1,0,0,0,0,0,0,0,0,0,1,0,0,1,0,0,0
10170744,24689607,2014-12-10,0,1,6,1,2,5,259,0,120,2,40,1,1125,97,0,0,"3",0,0,4,0,1,1,1,1,1,1,1,0,1,1,0,0,0,0,0,0,0,1,0,0,0,0,0,0,1,0,1,1,1,1,0,0,1,0,0,1,0,0,0,1,0,0,0,0,0,0,0,0,0,1,0,0,1,0,0,0
8503720,44772726,2015-09-21,0,0,2,1,1,1,80,95,0,1,5,1,1125,90,0,0,"1",0,0,1,4.5,1,0,1,1,1,1,1,0,1,1,1,0,1,1,1,0,1,0,0,0,0,0,0,0,1,0,0,0,0,0,0,0,1,0,0,1,0,0,0,1,0,0,0,0,0,0,0,0,0,0,1,0,1,0,0,0
6780670,1436798,2011-11-23,0,1,2,1,1,1,130,0,50,1,25,1,1125,93,0,0,"1",0,0,1,0.88,0,0,1,1,0,1,1,0,0,0,0,0,1,0,0,0,0,0,0,0,0,0,0,0,0,0,0,0,0,0,0,0,0,0,0,0,0,0,0,1,0,0,0,0,0,0,0,0,0,1,0,0,1,0,0,0
9370738,23792018,2014-11-15,0,1,2,1,1,1,89,150,60,2,15,2,1125,97,0,1,"3",0,0,5,0,1,0,1,1,0,1,1,1,1,1,0,0,1,1,0,0,1,1,0,0,0,0,0,0,1,0,1,1,1,1,1,0,0,0,0,0,0,0,0,1,0,0,0,0,0,0,0,0,0,1,0,0,1,0,0,0
1060467,5836283,2013-04-08,0,1,2,1,1,1,130,300,15,1,15,3,30,91,0,0,"3",0,0,1,1.98,0,0,1,1,0,0,1,1,0,0,0,1,1,0,1,0,1,1,0,1,0,0,0,0,1,0,0,0,0,0,0,0,1,0,0,0,0,0,0,1,0,0,0,0,0,0,0,0,0,0,1,0,1,0,0,0
9516743,49310912,2015-11-18,0,1,4,1.5,2,2,150,0,100,1,0,3,1125,97,0,0,"1",0,0,1,0,0,0,0,0,0,1,1,1,1,1,1,1,0,0,0,0,0,1,1,0,0,0,0,0,0,0,0,1,0,0,1,0,1,0,0,0,0,0,0,0,0,0,0,0,0,1,0,0,0,1,0,0,1,0,0,0
6240501,28304516,2015-02-24,0,1,2,1,1,1,72,0,0,1,0,1,1125,89,0,0,"2",0,0,2,4.98,1,1,1,1,0,1,1,0,1,1,0,1,0,0,0,0,0,1,0,1,0,0,0,0,1,0,0,0,0,0,0,0,0,0,0,0,0,0,0,1,0,0,0,0,0,0,0,0,0,0,1,0,1,0,0,0
8150145,26504229,2015-01-21,0,1,6,3,3,3,275,300,120,6,50,2,15,97,0,0,"3",0,0,1,1.91,1,1,1,0,1,1,1,0,1,1,1,0,1,1,0,0,1,1,0,0,0,0,0,0,0,0,0,0,0,0,0,0,0,0,0,0,0,0,0,0,1,0,0,0,0,0,0,0,0,1,0,0,1,0,0,0
8967776,46865668,2015-10-18,0,1,2,1,1,1,80,0,0,1,0,1,1125,93,0,0,"1",0,0,1,3.75,1,0,1,1,0,1,1,1,1,1,1,0,1,1,1,1,1,1,0,0,0,0,0,0,0,0,0,0,0,0,0,0,0,0,0,0,0,0,0,1,0,0,0,0,0,0,0,0,0,1,0,0,1,0,0,0
10000273,51372899,2015-12-14,0,0,5,2,1,2,175,200,50,1,0,2,1125,97,0,0,"1",0,0,1,0,1,0,1,1,0,1,1,0,1,1,0,0,1,0,0,0,0,0,0,0,0,0,0,1,0,0,0,0,0,0,0,0,1,0,0,0,0,0,0,1,0,0,0,0,0,0,0,0,0,1,0,0,1,0,0,0
9679301,25667310,2015-01-05,0,0,2,1,1,1,75,0,20,0,0,1,21,100,0,0,"3",0,0,1,2,1,0,1,1,0,1,1,0,1,1,0,0,1,1,1,0,0,1,0,0,0,0,0,0,1,0,0,0,0,0,0,0,1,0,0,1,0,0,0,1,0,0,0,0,0,0,0,0,0,0,1,0,1,0,0,0
8690491,15433538,2014-05-12,0,1,2,1,0,1,95,0,15,1,0,2,9,98,0,0,"1",0,0,1,3.26,1,0,1,1,0,1,1,1,1,1,1,1,1,1,1,1,1,1,0,0,0,0,0,0,1,0,0,1,0,1,1,0,1,0,0,0,0,0,0,1,0,0,0,0,0,0,0,0,0,1,0,0,1,0,0,0
7678064,36057637,2015-06-17,0,1,6,3.5,3,5,310,400,210,6,35,3,1125,100,0,0,"3",0,0,4,1.15,1,0,1,1,0,1,1,1,1,1,1,0,1,1,1,0,1,1,0,0,0,0,0,0,1,0,0,0,0,0,0,0,0,0,0,0,0,0,0,0,0,0,0,0,0,1,0,0,0,1,0,0,1,0,0,0
7798575,6218633,2013-05-04,1,1,1,1,1,1,38,0,0,1,0,2,5,100,0,0,"1",0,0,2,0.98,1,0,1,1,0,1,1,0,0,0,0,0,1,1,0,0,0,0,0,0,0,0,0,0,0,0,0,0,0,0,0,0,1,0,0,0,0,0,0,1,0,0,0,0,0,0,0,0,0,0,0,1,0,0,0,1
4988679,21303244,2014-09-14,0,1,4,1,2,2,189,0,25,1,0,5,1125,91,0,0,"2",0,0,1,2.89,1,0,1,1,0,1,1,1,1,1,0,1,1,0,1,0,1,1,0,0,0,0,0,0,1,0,0,0,0,0,0,0,1,0,1,0,0,0,0,1,0,0,0,0,0,0,0,0,0,1,0,0,1,0,0,0
6093756,31477848,2015-04-18,0,0,2,1,1,1,205,150,0,1,0,1,1125,100,0,0,"2",0,0,1,0.13,1,0,1,1,0,1,1,1,1,1,0,0,1,1,1,1,1,1,0,0,0,0,0,0,1,0,0,0,0,0,0,0,1,0,0,0,0,0,0,1,0,0,0,0,0,0,0,0,0,1,0,0,1,0,0,0
7921289,3401560,2012-08-28,0,1,2,1,1,1,199,0,39,1,0,2,1125,100,0,0,"2",0,0,1,0.32,1,0,1,1,0,1,1,1,1,1,1,1,1,1,1,0,0,1,0,0,0,0,0,0,1,0,0,0,0,0,0,0,1,0,0,1,0,0,0,1,0,0,0,0,0,0,0,0,0,1,0,0,1,0,0,0
10108451,51875760,2015-12-21,0,1,2,1,1,1,150,0,0,1,0,1,1125,97,0,0,"1",0,0,1,0,1,1,1,1,1,1,1,0,1,1,1,0,1,1,0,0,0,1,0,0,0,0,0,0,1,0,1,1,0,0,1,0,1,0,0,0,0,0,0,0,0,0,1,0,0,0,0,0,0,1,0,0,1,0,0,0
8117705,42865055,2015-08-29,0,1,2,1,1,1,67,0,30,1,0,1,1125,100,0,0,"1",0,0,1,0.86,1,1,1,1,0,1,1,0,1,1,0,1,1,1,1,1,0,1,0,0,0,0,0,0,1,0,0,0,0,0,0,0,0,0,0,0,0,0,0,0,0,0,1,0,0,0,0,0,0,1,0,0,1,0,0,0
4324917,1628476,2012-01-19,1,1,2,1,1,1,72,0,25,1,0,1,1125,97,0,0,"1",0,0,1,2.84,0,0,1,1,0,1,1,0,1,1,1,0,1,0,0,0,0,1,0,0,0,0,0,0,1,0,0,0,0,0,0,0,0,0,0,0,0,0,0,0,1,0,0,0,0,0,0,0,0,0,1,0,1,0,0,0
5061566,26139245,2015-01-15,0,1,2,1,0,1,175,0,0,1,0,2,1125,93,0,0,"1",0,0,1,0.77,1,0,1,1,1,1,1,0,1,1,0,0,1,1,0,0,0,1,0,0,0,0,0,0,0,0,0,0,0,0,0,0,1,0,1,0,0,0,0,1,0,0,0,0,0,0,0,0,0,1,0,0,1,0,0,0
8575663,36057637,2015-06-17,0,1,2,1,1,1,119,200,45,2,0,2,1125,97,0,0,"3",0,0,4,0,1,0,1,1,0,1,1,0,1,1,1,0,1,1,0,0,1,1,0,0,0,0,0,0,1,0,1,1,1,0,0,0,0,0,0,0,0,0,0,0,0,0,0,0,0,1,0,0,0,0,1,0,1,0,0,0
8518308,7465403,2013-07-13,0,1,3,1,1,1,97,0,20,1,5,1,1125,100,0,0,"1",0,0,1,3.94,1,0,1,1,1,1,1,0,1,1,1,1,1,0,0,0,1,1,0,0,0,0,0,1,1,0,0,0,0,0,0,0,1,0,0,0,0,0,0,1,0,0,0,0,0,0,0,0,0,1,0,0,1,0,0,0
3562617,17937451,2014-07-10,0,1,2,1,2,2,200,100,10,1,0,1,1125,85,0,0,"3",0,0,1,1.67,0,0,1,1,0,1,1,1,0,0,0,1,1,1,0,0,0,1,0,0,0,0,0,0,1,0,0,0,0,0,0,0,1,0,0,0,0,0,0,1,0,0,0,0,0,0,0,0,0,1,0,0,1,0,0,0
7109735,24798041,2014-12-13,0,0,4,2,2,2,190,250,50,1,0,1,1125,100,0,0,"3",0,0,1,0.82,1,1,1,1,0,1,1,0,1,1,1,0,1,0,0,0,0,1,0,0,0,0,0,0,1,0,0,0,0,0,0,0,0,0,0,0,0,0,0,0,1,0,0,0,0,0,0,0,0,1,0,0,1,0,0,0
8501721,44767474,2015-09-21,0,1,1,1,1,1,100,0,0,1,0,3,1125,100,0,0,"1",0,0,1,0.45,1,1,1,1,0,1,1,0,1,1,0,0,0,0,0,0,0,1,0,0,0,0,0,1,0,0,0,0,0,0,0,0,0,0,0,0,0,0,0,0,1,0,0,0,0,0,0,0,0,0,1,0,1,0,0,0
5306727,15611795,2014-05-16,0,1,2,1,1,1,99,0,0,1,20,2,1125,93,0,0,"1",0,0,1,0.64,1,1,1,1,0,1,1,1,1,1,0,1,1,1,1,0,1,1,0,0,0,0,0,1,1,0,0,0,0,0,0,0,1,0,1,0,0,0,0,1,0,0,0,0,0,0,0,0,0,0,1,0,1,0,0,0
909102,1881431,2012-03-08,0,1,2,1,1,1,99,0,35,2,35,3,30,97,0,0,"2",0,0,1,2.83,1,1,1,1,0,1,1,0,0,1,0,1,1,1,1,0,1,1,0,0,0,0,0,1,1,0,0,1,1,1,1,0,1,0,1,0,0,0,0,0,1,0,0,0,0,0,0,0,0,0,1,0,1,0,0,0
8608525,36057637,2015-06-17,0,1,2,1,1,1,119,150,45,1,0,2,1125,100,0,0,"1",0,0,4,0.45,1,0,1,1,0,1,1,0,1,1,1,0,1,1,1,0,1,1,0,0,0,0,0,0,1,0,1,1,1,0,0,0,0,0,0,0,0,0,0,0,0,0,0,0,0,1,0,0,0,0,1,0,1,0,0,0
170273,804996,2011-07-11,1,1,2,1,1,1,225,100,25,2,0,2,60,99,0,0,"3",0,1,3,2.22,0,0,1,1,0,1,1,1,1,1,0,0,1,0,0,0,1,1,0,1,0,0,0,0,1,0,0,0,0,0,0,0,0,0,0,0,0,0,0,0,1,0,0,0,0,0,0,0,0,0,1,0,1,0,0,0
7075913,33915019,2015-05-21,0,0,2,1,1,1,100,0,0,1,0,2,3,98,0,0,"1",0,0,1,3.87,0,0,1,1,1,1,1,1,1,1,0,0,1,0,0,0,0,1,0,0,0,0,0,0,0,0,0,0,0,0,0,0,0,0,0,0,0,0,0,1,0,0,0,0,0,0,0,0,0,1,0,0,1,0,0,0
481220,804996,2011-07-11,1,1,4,1,1,3,195,0,25,4,45,2,1125,98,0,0,"2",0,1,3,3.88,1,1,1,1,0,1,1,1,1,1,0,0,1,1,0,0,1,1,0,1,0,0,0,0,1,0,0,0,1,1,0,0,0,0,0,0,0,0,0,1,0,0,0,0,0,0,0,0,0,1,0,0,1,0,0,0
6961346,36501296,2015-06-23,0,1,2,1,0,1,85,0,5,1,0,1,6,90,0,0,"1",0,0,1,6.6,0,0,1,1,1,1,1,0,1,1,1,0,1,1,1,0,1,1,0,1,0,0,0,0,1,0,0,0,0,0,0,0,0,0,0,0,0,0,0,1,0,0,0,0,0,0,0,0,0,1,0,0,1,0,0,0
9975073,51256001,2015-12-13,0,1,2,1,1,1,105,300,10,1,0,3,1125,97,0,0,"1",0,0,1,0,1,0,1,1,0,1,1,1,0,1,1,0,1,1,0,1,1,1,0,0,0,0,0,0,1,0,1,1,1,0,1,0,0,0,0,0,0,0,0,0,0,0,1,0,0,0,0,0,0,1,0,0,1,0,0,0
6517594,6950390,2013-06-16,0,1,2,1.5,1,1,190,0,0,1,0,3,12,100,0,0,"3",0,0,1,0.15,1,0,1,1,1,1,1,0,1,1,0,1,1,1,1,1,1,1,0,0,0,0,0,0,1,0,0,0,0,0,0,0,1,0,0,1,0,0,0,0,0,0,0,0,0,0,0,1,0,1,0,0,1,0,0,0
10170577,24689607,2014-12-10,0,1,4,1,1,3,149,0,120,2,45,1,1125,97,0,0,"3",0,0,4,0,1,1,1,1,1,1,1,0,1,1,0,0,0,0,0,0,0,1,0,0,0,0,0,1,1,0,0,1,1,1,0,0,1,0,0,0,0,0,0,1,0,0,0,0,0,0,0,0,0,1,0,0,1,0,0,0
7680670,38679095,2015-07-16,0,1,2,1,0,1,119,0,0,1,0,1,1,96,0,1,"1",0,0,1,1.95,0,0,1,1,0,1,1,1,1,1,0,0,1,0,0,0,0,1,0,0,0,0,0,0,1,0,0,0,0,0,0,0,1,0,1,0,0,0,0,1,0,0,0,0,0,0,0,0,0,1,0,0,1,0,0,0
5946675,26233645,2015-01-17,0,1,2,1,1,1,145,250,75,1,0,2,10,100,0,0,"2",0,0,1,0.7,0,0,1,1,0,1,1,0,1,1,0,0,1,0,0,0,0,1,0,0,0,0,0,1,1,0,0,0,0,0,0,1,1,0,0,0,0,0,0,1,0,0,0,0,0,0,0,0,0,1,0,0,1,0,0,0
7162664,37512848,2015-07-04,1,1,2,1,1,1,220,500,75,2,100,2,1125,100,0,0,"3",0,0,1,1.9,1,0,1,1,0,1,1,0,1,1,1,0,1,1,0,0,1,1,0,0,0,0,0,0,1,0,0,0,0,0,0,0,0,0,0,0,0,0,0,0,1,0,0,0,0,0,0,0,0,1,0,0,1,0,0,0
6901218,26138574,2015-01-15,0,1,3,1,1,1,99,0,30,2,0,2,3,100,0,1,"1",0,0,1,1.3,1,0,1,1,0,1,0,0,0,0,0,0,1,1,0,0,0,0,0,0,0,0,0,0,1,0,0,0,0,0,0,0,0,0,0,0,0,0,0,1,0,0,0,0,0,0,0,0,0,1,0,0,1,0,0,0
4951430,25523081,2015-01-03,0,0,4,1,1,2,125,0,0,2,25,2,7,94,0,0,"1",0,0,1,1.21,1,1,1,1,0,1,1,0,1,0,0,0,0,0,0,0,0,0,0,0,0,0,0,0,0,0,0,0,0,0,0,0,0,0,0,0,0,0,0,1,0,0,0,0,0,0,0,0,0,1,0,0,1,0,0,0
7202016,37686877,2015-07-06,0,1,2,1,1,1,75,0,15,1,0,2,15,95,0,1,"1",0,0,1,2.82,0,0,1,1,0,1,1,0,1,1,0,0,1,1,0,0,1,1,0,0,0,0,0,0,0,0,1,1,1,0,0,0,0,0,0,0,0,0,0,1,0,0,0,0,0,0,0,0,0,0,1,0,0,0,1,0
5538663,1100212,2011-09-02,0,1,2,1,1,1,145,0,0,1,0,1,30,93,0,0,"3",0,0,1,0.96,0,0,1,1,0,1,1,1,1,1,1,0,1,1,1,0,1,0,0,0,0,0,0,0,1,0,0,0,0,0,0,0,0,0,0,0,0,0,0,1,0,0,0,0,0,0,0,0,0,1,0,0,1,0,0,0
363064,207419,2010-08-20,1,1,3,1,0,2,90,500,50,1,20,1,1125,97,0,0,"3",0,0,1,2.13,0,0,1,1,0,1,1,0,1,1,0,0,1,0,0,0,0,1,0,0,0,0,0,0,1,0,0,0,0,0,0,0,0,0,0,0,0,0,0,1,0,0,0,0,0,0,0,0,0,1,0,0,0,1,0,0
7809595,38206131,2015-07-12,1,1,2,1,1,1,76,0,6,2,48,2,1125,98,0,0,"1",0,0,1,5.96,0,0,1,1,0,1,0,0,1,1,1,0,1,1,0,0,0,1,0,0,0,0,0,0,1,0,0,0,0,0,0,0,0,0,0,0,0,0,0,1,0,0,0,0,0,0,0,0,0,0,1,0,1,0,0,0
9094836,47418921,2015-10-25,0,1,2,1,1,1,150,200,40,1,0,1,1125,100,0,0,"2",0,0,1,0.46,1,1,1,1,0,1,1,0,1,1,1,1,0,0,0,0,0,1,0,0,0,0,0,1,1,0,0,0,0,0,0,0,1,0,0,1,0,0,0,1,0,0,0,0,0,0,0,0,0,1,0,0,1,0,0,0
3039438,14860162,2014-04-28,0,1,2,1,1,1,93,0,15,2,20,1,1125,95,0,0,"2",0,0,2,0.75,0,0,0,0,0,1,1,0,1,1,1,1,0,0,0,0,0,1,1,1,0,0,0,1,1,0,0,0,0,0,0,0,1,0,0,0,0,0,0,1,0,0,0,0,0,0,0,0,0,0,1,0,1,0,0,0
8847979,21505796,2014-09-18,0,1,2,1,0,1,89,99,0,0,0,1,60,97,0,0,"3",0,0,1,5.25,0,0,1,1,0,1,1,0,1,1,0,1,1,1,0,1,0,1,0,0,0,0,0,0,1,0,1,1,0,1,1,0,1,0,1,0,0,0,0,1,0,0,0,0,0,0,0,0,0,1,0,0,1,0,0,0
4047399,11654429,2014-01-26,0,1,2,1,1,1,160,250,50,2,50,2,1125,100,0,0,"2",0,0,1,0.35,0,0,1,1,0,1,1,0,1,0,0,0,0,0,0,0,0,1,0,0,0,0,0,0,0,0,0,0,0,0,0,0,1,0,0,0,0,0,0,1,0,0,0,0,0,0,0,0,0,1,0,0,1,0,0,0
10208623,14703116,2014-04-25,0,1,3,1.5,2,1,87,0,0,1,0,1,1125,97,0,0,"1",0,0,1,0,1,1,1,1,0,1,1,1,1,1,1,1,1,0,0,0,0,1,0,1,0,0,1,1,1,0,0,1,0,1,1,0,1,0,0,0,0,0,0,1,0,0,0,0,0,0,0,0,0,1,0,0,1,0,0,0
